-- MySQL dump 10.13  Distrib 8.0.19, for Win64 (x86_64)
--
-- Host: localhost    Database: spk_pantai
-- ------------------------------------------------------
-- Server version	8.0.30

/*!40101 SET @OLD_CHARACTER_SET_CLIENT=@@CHARACTER_SET_CLIENT */;
/*!40101 SET @OLD_CHARACTER_SET_RESULTS=@@CHARACTER_SET_RESULTS */;
/*!40101 SET @OLD_COLLATION_CONNECTION=@@COLLATION_CONNECTION */;
/*!50503 SET NAMES utf8mb4 */;
/*!40103 SET @OLD_TIME_ZONE=@@TIME_ZONE */;
/*!40103 SET TIME_ZONE='+00:00' */;
/*!40014 SET @OLD_UNIQUE_CHECKS=@@UNIQUE_CHECKS, UNIQUE_CHECKS=0 */;
/*!40014 SET @OLD_FOREIGN_KEY_CHECKS=@@FOREIGN_KEY_CHECKS, FOREIGN_KEY_CHECKS=0 */;
/*!40101 SET @OLD_SQL_MODE=@@SQL_MODE, SQL_MODE='NO_AUTO_VALUE_ON_ZERO' */;
/*!40111 SET @OLD_SQL_NOTES=@@SQL_NOTES, SQL_NOTES=0 */;

--
-- Table structure for table `detail_pantai`
--

DROP TABLE IF EXISTS `detail_pantai`;
/*!40101 SET @saved_cs_client     = @@character_set_client */;
/*!50503 SET character_set_client = utf8mb4 */;
CREATE TABLE `detail_pantai` (
  `id_detail` int NOT NULL AUTO_INCREMENT,
  `id_pantai` int NOT NULL,
  `id_kriteria` int NOT NULL,
  `id_sub_kriteria` int NOT NULL,
  `tanggal_input` timestamp NULL DEFAULT CURRENT_TIMESTAMP,
  PRIMARY KEY (`id_detail`),
  KEY `id_pantai` (`id_pantai`),
  KEY `id_kriteria` (`id_kriteria`),
  KEY `id_sub_kriteria` (`id_sub_kriteria`),
  CONSTRAINT `detail_pantai_ibfk_1` FOREIGN KEY (`id_pantai`) REFERENCES `pantai` (`id_pantai`) ON DELETE CASCADE,
  CONSTRAINT `detail_pantai_ibfk_2` FOREIGN KEY (`id_kriteria`) REFERENCES `kriteria` (`id_kriteria`) ON DELETE CASCADE,
  CONSTRAINT `detail_pantai_ibfk_3` FOREIGN KEY (`id_sub_kriteria`) REFERENCES `sub_kriteria` (`id_sub_kriteria`) ON DELETE CASCADE
) ENGINE=InnoDB AUTO_INCREMENT=579 DEFAULT CHARSET=utf8mb4 COLLATE=utf8mb4_0900_ai_ci;
/*!40101 SET character_set_client = @saved_cs_client */;

--
-- Dumping data for table `detail_pantai`
--

LOCK TABLES `detail_pantai` WRITE;
/*!40000 ALTER TABLE `detail_pantai` DISABLE KEYS */;
INSERT INTO `detail_pantai` VALUES (1,1,2,10,'2025-11-29 12:25:43'),(2,1,3,14,'2025-11-29 12:25:43'),(3,1,4,19,'2025-11-29 12:25:43'),(4,1,5,21,'2025-11-29 12:25:43'),(5,1,5,22,'2025-11-29 12:25:43'),(6,1,5,23,'2025-11-29 12:25:43'),(7,1,5,24,'2025-11-29 12:25:43'),(8,1,5,25,'2025-11-29 12:25:43'),(9,1,5,28,'2025-11-29 12:25:43'),(10,1,6,29,'2025-11-29 12:25:43'),(11,1,6,30,'2025-11-29 12:25:43'),(12,1,6,31,'2025-11-29 12:25:43'),(13,1,6,32,'2025-11-29 12:25:43'),(14,1,6,33,'2025-11-29 12:25:43'),(15,1,6,34,'2025-11-29 12:25:43'),(16,2,2,9,'2025-11-29 12:25:43'),(17,2,3,13,'2025-11-29 12:25:43'),(18,2,4,19,'2025-11-29 12:25:43'),(19,2,5,21,'2025-11-29 12:25:43'),(20,2,5,22,'2025-11-29 12:25:43'),(21,2,5,23,'2025-11-29 12:25:43'),(22,2,5,24,'2025-11-29 12:25:43'),(23,2,5,25,'2025-11-29 12:25:43'),(24,2,5,28,'2025-11-29 12:25:43'),(25,2,6,29,'2025-11-29 12:25:43'),(26,2,6,30,'2025-11-29 12:25:43'),(27,2,6,31,'2025-11-29 12:25:43'),(28,2,6,32,'2025-11-29 12:25:43'),(29,2,6,33,'2025-11-29 12:25:43'),(30,2,6,34,'2025-11-29 12:25:43'),(31,3,2,9,'2025-11-29 12:25:43'),(32,3,3,14,'2025-11-29 12:25:43'),(33,3,4,20,'2025-11-29 12:25:43'),(34,3,5,21,'2025-11-29 12:25:43'),(35,3,5,22,'2025-11-29 12:25:43'),(36,3,5,23,'2025-11-29 12:25:43'),(37,3,5,24,'2025-11-29 12:25:43'),(38,3,5,25,'2025-11-29 12:25:43'),(39,3,5,28,'2025-11-29 12:25:43'),(40,3,6,29,'2025-11-29 12:25:43'),(41,3,6,30,'2025-11-29 12:25:43'),(42,3,6,31,'2025-11-29 12:25:43'),(43,3,6,32,'2025-11-29 12:25:43'),(44,3,6,33,'2025-11-29 12:25:43'),(45,3,6,34,'2025-11-29 12:25:43'),(46,4,2,9,'2025-11-29 12:25:43'),(47,4,3,11,'2025-11-29 12:25:43'),(48,4,4,20,'2025-11-29 12:25:43'),(49,4,5,21,'2025-11-29 12:25:43'),(50,4,5,22,'2025-11-29 12:25:43'),(51,4,5,23,'2025-11-29 12:25:43'),(52,4,5,24,'2025-11-29 12:25:43'),(53,4,5,25,'2025-11-29 12:25:43'),(54,4,6,29,'2025-11-29 12:25:43'),(55,4,6,30,'2025-11-29 12:25:43'),(56,4,6,31,'2025-11-29 12:25:43'),(57,4,6,32,'2025-11-29 12:25:43'),(58,4,6,33,'2025-11-29 12:25:43'),(59,4,6,34,'2025-11-29 12:25:43'),(60,5,2,10,'2025-11-29 12:25:43'),(61,5,3,14,'2025-11-29 12:25:43'),(62,5,4,19,'2025-11-29 12:25:43'),(63,5,5,21,'2025-11-29 12:25:43'),(64,5,5,22,'2025-11-29 12:25:43'),(65,5,5,23,'2025-11-29 12:25:43'),(66,5,5,24,'2025-11-29 12:25:43'),(67,5,5,25,'2025-11-29 12:25:43'),(68,5,5,26,'2025-11-29 12:25:43'),(69,5,5,27,'2025-11-29 12:25:43'),(70,5,5,28,'2025-11-29 12:25:43'),(71,5,6,29,'2025-11-29 12:25:43'),(72,5,6,30,'2025-11-29 12:25:43'),(73,5,6,31,'2025-11-29 12:25:43'),(74,5,6,32,'2025-11-29 12:25:43'),(75,5,6,33,'2025-11-29 12:25:43'),(76,5,6,34,'2025-11-29 12:25:43'),(77,6,2,10,'2025-11-29 12:25:43'),(78,6,3,13,'2025-11-29 12:25:43'),(79,6,4,20,'2025-11-29 12:25:43'),(80,6,5,21,'2025-11-29 12:25:43'),(81,6,5,22,'2025-11-29 12:25:43'),(82,6,5,23,'2025-11-29 12:25:43'),(83,6,5,24,'2025-11-29 12:25:43'),(84,6,5,26,'2025-11-29 12:25:43'),(85,6,6,29,'2025-11-29 12:25:43'),(86,6,6,30,'2025-11-29 12:25:43'),(87,6,6,31,'2025-11-29 12:25:43'),(88,6,6,34,'2025-11-29 12:25:43'),(89,7,2,8,'2025-11-29 12:25:43'),(90,7,3,13,'2025-11-29 12:25:43'),(91,7,4,20,'2025-11-29 12:25:43'),(92,7,5,21,'2025-11-29 12:25:43'),(93,7,5,22,'2025-11-29 12:25:43'),(94,7,5,23,'2025-11-29 12:25:43'),(95,7,5,24,'2025-11-29 12:25:43'),(96,7,5,25,'2025-11-29 12:25:43'),(97,7,5,27,'2025-11-29 12:25:43'),(98,7,5,28,'2025-11-29 12:25:43'),(99,7,6,29,'2025-11-29 12:25:43'),(100,7,6,30,'2025-11-29 12:25:43'),(101,7,6,31,'2025-11-29 12:25:43'),(102,7,6,32,'2025-11-29 12:25:43'),(103,7,6,34,'2025-11-29 12:25:43'),(104,8,2,9,'2025-11-29 12:25:43'),(105,8,3,14,'2025-11-29 12:25:43'),(106,8,4,20,'2025-11-29 12:25:43'),(107,8,5,21,'2025-11-29 12:25:43'),(108,8,5,22,'2025-11-29 12:25:43'),(109,8,5,23,'2025-11-29 12:25:43'),(110,8,5,24,'2025-11-29 12:25:43'),(111,8,5,25,'2025-11-29 12:25:43'),(112,8,6,30,'2025-11-29 12:25:43'),(113,8,6,31,'2025-11-29 12:25:43'),(114,8,6,32,'2025-11-29 12:25:43'),(115,8,6,34,'2025-11-29 12:25:43'),(116,9,2,9,'2025-11-29 12:25:43'),(117,9,3,11,'2025-11-29 12:25:43'),(118,9,4,20,'2025-11-29 12:25:43'),(119,9,5,21,'2025-11-29 12:25:43'),(120,9,5,22,'2025-11-29 12:25:43'),(121,9,5,23,'2025-11-29 12:25:43'),(122,9,5,25,'2025-11-29 12:25:43'),(123,9,5,27,'2025-11-29 12:25:43'),(124,9,6,30,'2025-11-29 12:25:43'),(125,9,6,31,'2025-11-29 12:25:43'),(126,9,6,34,'2025-11-29 12:25:43'),(127,10,2,10,'2025-11-29 12:25:43'),(128,10,3,13,'2025-11-29 12:25:43'),(129,10,4,20,'2025-11-29 12:25:43'),(130,10,5,21,'2025-11-29 12:25:43'),(131,10,5,22,'2025-11-29 12:25:43'),(132,10,5,23,'2025-11-29 12:25:43'),(133,10,5,27,'2025-11-29 12:25:43'),(134,10,6,30,'2025-11-29 12:25:43'),(135,10,6,31,'2025-11-29 12:25:43'),(136,10,6,34,'2025-11-29 12:25:43'),(137,11,2,9,'2025-11-29 12:25:43'),(138,11,3,14,'2025-11-29 12:25:43'),(139,11,4,20,'2025-11-29 12:25:43'),(140,11,5,21,'2025-11-29 12:25:43'),(141,11,5,22,'2025-11-29 12:25:43'),(142,11,5,23,'2025-11-29 12:25:43'),(143,11,5,24,'2025-11-29 12:25:43'),(144,11,5,25,'2025-11-29 12:25:43'),(145,11,5,27,'2025-11-29 12:25:43'),(146,11,5,28,'2025-11-29 12:25:43'),(147,11,6,30,'2025-11-29 12:25:43'),(148,11,6,31,'2025-11-29 12:25:43'),(149,11,6,34,'2025-11-29 12:25:43'),(150,12,2,9,'2025-11-29 12:25:43'),(151,12,3,14,'2025-11-29 12:25:43'),(152,12,4,20,'2025-11-29 12:25:43'),(153,12,5,21,'2025-11-29 12:25:43'),(154,12,5,22,'2025-11-29 12:25:43'),(155,12,5,23,'2025-11-29 12:25:43'),(156,12,5,24,'2025-11-29 12:25:43'),(157,12,5,25,'2025-11-29 12:25:43'),(158,12,5,26,'2025-11-29 12:25:43'),(159,12,6,29,'2025-11-29 12:25:43'),(160,12,6,30,'2025-11-29 12:25:43'),(161,12,6,31,'2025-11-29 12:25:43'),(162,12,6,34,'2025-11-29 12:25:43'),(163,13,2,10,'2025-11-29 12:25:43'),(164,13,3,12,'2025-11-29 12:25:43'),(165,13,4,20,'2025-11-29 12:25:43'),(166,13,5,21,'2025-11-29 12:25:43'),(167,13,5,22,'2025-11-29 12:25:43'),(168,13,5,23,'2025-11-29 12:25:43'),(169,13,5,24,'2025-11-29 12:25:43'),(170,13,5,25,'2025-11-29 12:25:43'),(171,13,5,27,'2025-11-29 12:25:43'),(172,13,6,29,'2025-11-29 12:25:43'),(173,13,6,30,'2025-11-29 12:25:43'),(174,13,6,31,'2025-11-29 12:25:43'),(175,13,6,34,'2025-11-29 12:25:43'),(176,14,2,10,'2025-11-29 12:25:43'),(177,14,3,14,'2025-11-29 12:25:43'),(178,14,4,20,'2025-11-29 12:25:43'),(179,14,5,21,'2025-11-29 12:25:43'),(180,14,5,22,'2025-11-29 12:25:43'),(181,14,5,23,'2025-11-29 12:25:43'),(182,14,5,24,'2025-11-29 12:25:43'),(183,14,5,25,'2025-11-29 12:25:43'),(184,14,5,27,'2025-11-29 12:25:43'),(185,14,6,29,'2025-11-29 12:25:43'),(186,14,6,30,'2025-11-29 12:25:43'),(187,14,6,31,'2025-11-29 12:25:43'),(188,14,6,32,'2025-11-29 12:25:43'),(189,14,6,34,'2025-11-29 12:25:43'),(190,15,2,10,'2025-11-29 12:25:43'),(191,15,3,14,'2025-11-29 12:25:43'),(192,15,4,20,'2025-11-29 12:25:43'),(193,15,5,21,'2025-11-29 12:25:43'),(194,15,5,22,'2025-11-29 12:25:43'),(195,15,5,23,'2025-11-29 12:25:43'),(196,15,5,24,'2025-11-29 12:25:43'),(197,15,5,25,'2025-11-29 12:25:43'),(198,15,6,29,'2025-11-29 12:25:43'),(199,15,6,30,'2025-11-29 12:25:43'),(200,15,6,31,'2025-11-29 12:25:43'),(201,15,6,34,'2025-11-29 12:25:43'),(202,16,2,10,'2025-11-29 12:28:06'),(203,16,3,14,'2025-11-29 12:28:06'),(204,16,4,19,'2025-11-29 12:28:06'),(205,16,5,21,'2025-11-29 12:28:06'),(206,16,5,22,'2025-11-29 12:28:06'),(207,16,5,23,'2025-11-29 12:28:06'),(208,16,5,24,'2025-11-29 12:28:06'),(209,16,5,28,'2025-11-29 12:28:06'),(210,16,6,29,'2025-11-29 12:28:06'),(211,16,6,30,'2025-11-29 12:28:06'),(212,16,6,31,'2025-11-29 12:28:06'),(213,16,6,32,'2025-11-29 12:28:06'),(214,16,6,33,'2025-11-29 12:28:06'),(215,16,6,34,'2025-11-29 12:28:06'),(216,17,2,10,'2025-11-29 12:28:06'),(217,17,3,14,'2025-11-29 12:28:06'),(218,17,4,19,'2025-11-29 12:28:06'),(219,17,5,21,'2025-11-29 12:28:06'),(220,17,5,22,'2025-11-29 12:28:06'),(221,17,5,23,'2025-11-29 12:28:06'),(222,17,5,24,'2025-11-29 12:28:06'),(223,17,5,28,'2025-11-29 12:28:06'),(224,17,6,29,'2025-11-29 12:28:06'),(225,17,6,30,'2025-11-29 12:28:06'),(226,17,6,31,'2025-11-29 12:28:06'),(227,17,6,32,'2025-11-29 12:28:06'),(228,17,6,33,'2025-11-29 12:28:06'),(229,17,6,34,'2025-11-29 12:28:06'),(230,18,2,10,'2025-11-29 12:28:06'),(231,18,3,14,'2025-11-29 12:28:06'),(232,18,4,20,'2025-11-29 12:28:06'),(233,18,5,21,'2025-11-29 12:28:06'),(234,18,5,22,'2025-11-29 12:28:06'),(235,18,5,23,'2025-11-29 12:28:06'),(236,18,5,24,'2025-11-29 12:28:06'),(237,18,6,29,'2025-11-29 12:28:06'),(238,18,6,30,'2025-11-29 12:28:06'),(239,18,6,31,'2025-11-29 12:28:06'),(240,18,6,32,'2025-11-29 12:28:06'),(241,18,6,33,'2025-11-29 12:28:06'),(242,19,2,10,'2025-11-29 12:28:06'),(243,19,3,14,'2025-11-29 12:28:06'),(244,19,4,19,'2025-11-29 12:28:06'),(245,19,5,21,'2025-11-29 12:28:06'),(246,19,5,22,'2025-11-29 12:28:06'),(247,19,5,23,'2025-11-29 12:28:06'),(248,19,6,30,'2025-11-29 12:28:06'),(249,19,6,31,'2025-11-29 12:28:06'),(250,19,6,33,'2025-11-29 12:28:06'),(251,20,2,10,'2025-11-29 12:28:06'),(252,20,3,14,'2025-11-29 12:28:06'),(253,20,4,20,'2025-11-29 12:28:06'),(254,20,5,21,'2025-11-29 12:28:06'),(255,20,5,22,'2025-11-29 12:28:06'),(256,20,5,23,'2025-11-29 12:28:06'),(257,20,5,24,'2025-11-29 12:28:06'),(258,20,5,25,'2025-11-29 12:28:06'),(259,20,5,28,'2025-11-29 12:28:06'),(260,20,6,29,'2025-11-29 12:28:06'),(261,20,6,30,'2025-11-29 12:28:06'),(262,20,6,31,'2025-11-29 12:28:06'),(263,20,6,33,'2025-11-29 12:28:06'),(264,21,2,9,'2025-11-29 12:28:06'),(265,21,3,14,'2025-11-29 12:28:06'),(266,21,4,19,'2025-11-29 12:28:06'),(267,21,5,21,'2025-11-29 12:28:06'),(268,21,5,22,'2025-11-29 12:28:06'),(269,21,5,23,'2025-11-29 12:28:06'),(270,21,5,24,'2025-11-29 12:28:06'),(271,21,5,27,'2025-11-29 12:28:06'),(272,21,6,29,'2025-11-29 12:28:06'),(273,21,6,30,'2025-11-29 12:28:06'),(274,21,6,31,'2025-11-29 12:28:06'),(275,21,6,33,'2025-11-29 12:28:06'),(276,22,2,10,'2025-11-29 12:28:06'),(277,22,3,14,'2025-11-29 12:28:06'),(278,22,4,18,'2025-11-29 12:28:06'),(279,22,5,21,'2025-11-29 12:28:06'),(280,22,5,22,'2025-11-29 12:28:06'),(281,22,5,23,'2025-11-29 12:28:06'),(282,22,5,24,'2025-11-29 12:28:06'),(283,22,5,28,'2025-11-29 12:28:06'),(284,22,6,29,'2025-11-29 12:28:06'),(285,22,6,30,'2025-11-29 12:28:06'),(286,22,6,31,'2025-11-29 12:28:06'),(287,22,6,33,'2025-11-29 12:28:06'),(288,22,6,34,'2025-11-29 12:28:06'),(289,23,2,9,'2025-11-29 12:28:06'),(290,23,3,14,'2025-11-29 12:28:06'),(291,23,4,19,'2025-11-29 12:28:06'),(292,23,5,21,'2025-11-29 12:28:06'),(293,23,5,22,'2025-11-29 12:28:06'),(294,23,5,23,'2025-11-29 12:28:06'),(295,23,5,24,'2025-11-29 12:28:06'),(296,23,5,28,'2025-11-29 12:28:06'),(297,23,6,29,'2025-11-29 12:28:06'),(298,23,6,30,'2025-11-29 12:28:06'),(299,23,6,31,'2025-11-29 12:28:06'),(300,23,6,32,'2025-11-29 12:28:06'),(301,23,6,33,'2025-11-29 12:28:06'),(302,23,6,34,'2025-11-29 12:28:06'),(303,24,2,10,'2025-11-29 12:28:06'),(304,24,3,14,'2025-11-29 12:28:06'),(305,24,4,18,'2025-11-29 12:28:06'),(306,24,5,21,'2025-11-29 12:28:06'),(307,24,5,22,'2025-11-29 12:28:06'),(308,24,5,23,'2025-11-29 12:28:06'),(309,24,6,29,'2025-11-29 12:28:06'),(310,24,6,30,'2025-11-29 12:28:06'),(311,24,6,31,'2025-11-29 12:28:06'),(312,24,6,33,'2025-11-29 12:28:06'),(313,24,6,34,'2025-11-29 12:28:06'),(314,25,2,10,'2025-11-29 12:28:06'),(315,25,3,14,'2025-11-29 12:28:06'),(316,25,4,19,'2025-11-29 12:28:06'),(317,25,5,21,'2025-11-29 12:28:06'),(318,25,5,22,'2025-11-29 12:28:06'),(319,25,5,23,'2025-11-29 12:28:06'),(320,25,5,24,'2025-11-29 12:28:06'),(321,25,6,29,'2025-11-29 12:28:06'),(322,25,6,30,'2025-11-29 12:28:06'),(323,25,6,31,'2025-11-29 12:28:06'),(324,25,6,33,'2025-11-29 12:28:06'),(325,25,6,34,'2025-11-29 12:28:06'),(326,26,2,9,'2025-11-29 12:28:06'),(327,26,3,13,'2025-11-29 12:28:06'),(328,26,4,20,'2025-11-29 12:28:06'),(329,26,5,21,'2025-11-29 12:28:06'),(330,26,5,22,'2025-11-29 12:28:06'),(331,26,5,23,'2025-11-29 12:28:06'),(332,26,5,24,'2025-11-29 12:28:06'),(333,26,6,29,'2025-11-29 12:28:06'),(334,26,6,30,'2025-11-29 12:28:06'),(335,26,6,31,'2025-11-29 12:28:06'),(336,26,6,33,'2025-11-29 12:28:06'),(337,26,6,34,'2025-11-29 12:28:06'),(338,27,2,9,'2025-11-29 12:28:06'),(339,27,3,13,'2025-11-29 12:28:06'),(340,27,4,19,'2025-11-29 12:28:06'),(341,27,5,21,'2025-11-29 12:28:06'),(342,27,5,22,'2025-11-29 12:28:06'),(343,27,5,23,'2025-11-29 12:28:06'),(344,27,5,24,'2025-11-29 12:28:06'),(345,27,5,27,'2025-11-29 12:28:06'),(346,27,5,28,'2025-11-29 12:28:06'),(347,27,6,29,'2025-11-29 12:28:06'),(348,27,6,30,'2025-11-29 12:28:06'),(349,27,6,31,'2025-11-29 12:28:06'),(350,27,6,33,'2025-11-29 12:28:06'),(351,27,6,34,'2025-11-29 12:28:06'),(352,28,2,10,'2025-11-29 12:28:06'),(353,28,3,13,'2025-11-29 12:28:06'),(354,28,4,19,'2025-11-29 12:28:06'),(355,28,5,21,'2025-11-29 12:28:06'),(356,28,5,22,'2025-11-29 12:28:06'),(357,28,5,23,'2025-11-29 12:28:06'),(358,28,5,24,'2025-11-29 12:28:06'),(359,28,6,29,'2025-11-29 12:28:06'),(360,28,6,30,'2025-11-29 12:28:06'),(361,28,6,31,'2025-11-29 12:28:06'),(362,28,6,33,'2025-11-29 12:28:06'),(363,28,6,34,'2025-11-29 12:28:06'),(364,29,2,8,'2025-11-29 12:28:06'),(365,29,3,13,'2025-11-29 12:28:06'),(366,29,4,19,'2025-11-29 12:28:06'),(367,29,5,21,'2025-11-29 12:28:06'),(368,29,5,22,'2025-11-29 12:28:06'),(369,29,5,23,'2025-11-29 12:28:06'),(370,29,5,24,'2025-11-29 12:28:06'),(371,29,5,27,'2025-11-29 12:28:06'),(372,29,5,28,'2025-11-29 12:28:06'),(373,29,6,29,'2025-11-29 12:28:06'),(374,29,6,30,'2025-11-29 12:28:06'),(375,29,6,31,'2025-11-29 12:28:06'),(376,29,6,32,'2025-11-29 12:28:06'),(377,29,6,33,'2025-11-29 12:28:06'),(378,29,6,34,'2025-11-29 12:28:06'),(379,30,2,10,'2025-11-29 12:28:06'),(380,30,3,14,'2025-11-29 12:28:06'),(381,30,4,19,'2025-11-29 12:28:06'),(382,30,5,21,'2025-11-29 12:28:06'),(383,30,5,22,'2025-11-29 12:28:06'),(384,30,5,23,'2025-11-29 12:28:06'),(385,30,5,24,'2025-11-29 12:28:06'),(386,30,6,29,'2025-11-29 12:28:06'),(387,30,6,30,'2025-11-29 12:28:06'),(388,30,6,31,'2025-11-29 12:28:06'),(389,30,6,33,'2025-11-29 12:28:06'),(390,30,6,34,'2025-11-29 12:28:06'),(391,31,2,10,'2025-11-29 12:30:43'),(392,31,3,14,'2025-11-29 12:30:43'),(393,31,4,18,'2025-11-29 12:30:43'),(394,31,5,21,'2025-11-29 12:30:43'),(395,31,5,22,'2025-11-29 12:30:43'),(396,31,5,23,'2025-11-29 12:30:43'),(397,31,5,24,'2025-11-29 12:30:43'),(398,31,5,25,'2025-11-29 12:30:43'),(399,31,6,29,'2025-11-29 12:30:43'),(400,31,6,30,'2025-11-29 12:30:43'),(401,31,6,31,'2025-11-29 12:30:43'),(402,31,6,34,'2025-11-29 12:30:43'),(403,32,2,8,'2025-11-29 12:30:43'),(404,32,3,14,'2025-11-29 12:30:43'),(405,32,4,20,'2025-11-29 12:30:43'),(406,32,5,21,'2025-11-29 12:30:43'),(407,32,5,22,'2025-11-29 12:30:43'),(408,32,5,23,'2025-11-29 12:30:43'),(409,32,6,29,'2025-11-29 12:30:43'),(410,32,6,30,'2025-11-29 12:30:43'),(411,32,6,31,'2025-11-29 12:30:43'),(412,32,6,32,'2025-11-29 12:30:43'),(413,32,6,33,'2025-11-29 12:30:43'),(414,32,6,34,'2025-11-29 12:30:43'),(415,33,2,9,'2025-11-29 12:30:43'),(416,33,3,14,'2025-11-29 12:30:43'),(417,33,4,20,'2025-11-29 12:30:43'),(418,33,5,21,'2025-11-29 12:30:43'),(419,33,5,22,'2025-11-29 12:30:43'),(420,33,5,23,'2025-11-29 12:30:43'),(421,33,5,24,'2025-11-29 12:30:43'),(422,33,5,25,'2025-11-29 12:30:43'),(423,33,6,29,'2025-11-29 12:30:43'),(424,33,6,30,'2025-11-29 12:30:43'),(425,33,6,31,'2025-11-29 12:30:43'),(426,33,6,33,'2025-11-29 12:30:43'),(427,33,6,34,'2025-11-29 12:30:43'),(428,34,2,9,'2025-11-29 12:35:08'),(429,34,3,14,'2025-11-29 12:35:08'),(430,34,4,20,'2025-11-29 12:35:08'),(431,34,5,21,'2025-11-29 12:35:08'),(432,34,5,22,'2025-11-29 12:35:08'),(433,34,5,23,'2025-11-29 12:35:08'),(434,34,5,24,'2025-11-29 12:35:08'),(435,34,6,29,'2025-11-29 12:35:08'),(436,34,6,30,'2025-11-29 12:35:08'),(437,34,6,31,'2025-11-29 12:35:08'),(438,34,6,34,'2025-11-29 12:35:08'),(439,35,2,9,'2025-11-29 12:35:08'),(440,35,3,14,'2025-11-29 12:35:08'),(441,35,4,20,'2025-11-29 12:35:08'),(442,35,5,21,'2025-11-29 12:35:08'),(443,35,5,22,'2025-11-29 12:35:08'),(444,35,5,23,'2025-11-29 12:35:08'),(445,35,5,24,'2025-11-29 12:35:08'),(446,35,5,25,'2025-11-29 12:35:08'),(447,35,6,29,'2025-11-29 12:35:08'),(448,35,6,30,'2025-11-29 12:35:08'),(449,35,6,31,'2025-11-29 12:35:08'),(450,35,6,34,'2025-11-29 12:35:08'),(451,36,2,10,'2025-11-29 12:35:08'),(452,36,3,14,'2025-11-29 12:35:08'),(453,36,4,20,'2025-11-29 12:35:08'),(454,36,5,21,'2025-11-29 12:35:08'),(455,36,5,22,'2025-11-29 12:35:08'),(456,36,5,23,'2025-11-29 12:35:08'),(457,36,5,24,'2025-11-29 12:35:08'),(458,36,5,25,'2025-11-29 12:35:08'),(459,36,5,28,'2025-11-29 12:35:08'),(460,36,6,29,'2025-11-29 12:35:08'),(461,36,6,30,'2025-11-29 12:35:08'),(462,36,6,31,'2025-11-29 12:35:08'),(463,36,6,33,'2025-11-29 12:35:08'),(464,36,6,34,'2025-11-29 12:35:08'),(465,37,2,10,'2025-11-29 12:35:08'),(466,37,3,14,'2025-11-29 12:35:08'),(467,37,4,20,'2025-11-29 12:35:08'),(468,37,5,21,'2025-11-29 12:35:08'),(469,37,5,22,'2025-11-29 12:35:08'),(470,37,5,23,'2025-11-29 12:35:08'),(471,37,5,24,'2025-11-29 12:35:08'),(472,37,6,29,'2025-11-29 12:35:08'),(473,37,6,30,'2025-11-29 12:35:08'),(474,37,6,31,'2025-11-29 12:35:08'),(475,37,6,34,'2025-11-29 12:35:08'),(476,38,2,10,'2025-11-29 12:35:08'),(477,38,3,14,'2025-11-29 12:35:08'),(478,38,4,20,'2025-11-29 12:35:08'),(479,38,5,21,'2025-11-29 12:35:08'),(480,38,5,22,'2025-11-29 12:35:08'),(481,38,5,23,'2025-11-29 12:35:08'),(482,38,6,29,'2025-11-29 12:35:08'),(483,38,6,30,'2025-11-29 12:35:08'),(484,38,6,31,'2025-11-29 12:35:08'),(485,38,6,34,'2025-11-29 12:35:08'),(486,39,2,9,'2025-11-29 12:35:08'),(487,39,3,14,'2025-11-29 12:35:08'),(488,39,4,20,'2025-11-29 12:35:08'),(489,39,5,21,'2025-11-29 12:35:08'),(490,39,5,22,'2025-11-29 12:35:08'),(491,39,5,23,'2025-11-29 12:35:08'),(492,39,5,24,'2025-11-29 12:35:08'),(493,39,5,25,'2025-11-29 12:35:08'),(494,39,5,28,'2025-11-29 12:35:08'),(495,39,6,29,'2025-11-29 12:35:08'),(496,39,6,30,'2025-11-29 12:35:08'),(497,39,6,31,'2025-11-29 12:35:08'),(498,39,6,32,'2025-11-29 12:35:08'),(499,39,6,33,'2025-11-29 12:35:08'),(500,39,6,34,'2025-11-29 12:35:08'),(501,40,2,10,'2025-11-29 12:35:08'),(502,40,3,13,'2025-11-29 12:35:08'),(503,40,4,19,'2025-11-29 12:35:08'),(504,40,5,21,'2025-11-29 12:35:08'),(505,40,5,22,'2025-11-29 12:35:08'),(506,40,5,23,'2025-11-29 12:35:08'),(507,40,5,24,'2025-11-29 12:35:08'),(508,40,6,29,'2025-11-29 12:35:08'),(509,40,6,30,'2025-11-29 12:35:08'),(510,40,6,31,'2025-11-29 12:35:08'),(511,40,6,33,'2025-11-29 12:35:08'),(512,40,6,34,'2025-11-29 12:35:08'),(513,41,2,10,'2025-11-29 12:35:08'),(514,41,3,14,'2025-11-29 12:35:08'),(515,41,4,19,'2025-11-29 12:35:08'),(516,41,5,21,'2025-11-29 12:35:08'),(517,41,5,22,'2025-11-29 12:35:08'),(518,41,5,23,'2025-11-29 12:35:08'),(519,41,5,24,'2025-11-29 12:35:08'),(520,41,6,29,'2025-11-29 12:35:08'),(521,41,6,30,'2025-11-29 12:35:08'),(522,41,6,31,'2025-11-29 12:35:08'),(523,41,6,34,'2025-11-29 12:35:08'),(524,42,2,10,'2025-11-29 12:35:08'),(525,42,3,14,'2025-11-29 12:35:08'),(526,42,4,19,'2025-11-29 12:35:08'),(527,42,5,21,'2025-11-29 12:35:08'),(528,42,5,22,'2025-11-29 12:35:08'),(529,42,5,23,'2025-11-29 12:35:08'),(530,42,5,24,'2025-11-29 12:35:08'),(531,42,6,29,'2025-11-29 12:35:08'),(532,42,6,30,'2025-11-29 12:35:08'),(533,42,6,31,'2025-11-29 12:35:08'),(534,42,6,34,'2025-11-29 12:35:08'),(535,43,2,10,'2025-11-29 12:35:08'),(536,43,3,14,'2025-11-29 12:35:08'),(537,43,4,20,'2025-11-29 12:35:08'),(538,43,5,21,'2025-11-29 12:35:08'),(539,43,5,22,'2025-11-29 12:35:08'),(540,43,5,23,'2025-11-29 12:35:08'),(541,43,5,24,'2025-11-29 12:35:08'),(542,43,5,25,'2025-11-29 12:35:08'),(543,43,6,29,'2025-11-29 12:35:08'),(544,43,6,30,'2025-11-29 12:35:08'),(545,43,6,31,'2025-11-29 12:35:08'),(546,43,6,34,'2025-11-29 12:35:08'),(547,44,2,10,'2025-11-29 12:35:08'),(548,44,3,14,'2025-11-29 12:35:08'),(549,44,4,20,'2025-11-29 12:35:08'),(550,44,5,21,'2025-11-29 12:35:08'),(551,44,5,22,'2025-11-29 12:35:08'),(552,44,5,23,'2025-11-29 12:35:08'),(553,44,5,24,'2025-11-29 12:35:08'),(554,44,5,25,'2025-11-29 12:35:08'),(555,44,5,28,'2025-11-29 12:35:08'),(556,44,6,29,'2025-11-29 12:35:08'),(557,44,6,30,'2025-11-29 12:35:08'),(558,44,6,31,'2025-11-29 12:35:08'),(559,44,6,32,'2025-11-29 12:35:08'),(560,44,6,33,'2025-11-29 12:35:08'),(561,44,6,34,'2025-11-29 12:35:08'),(562,45,2,8,'2025-11-29 12:35:08'),(563,45,3,12,'2025-11-29 12:35:08'),(564,45,4,19,'2025-11-29 12:35:08'),(565,45,5,21,'2025-11-29 12:35:08'),(566,45,5,22,'2025-11-29 12:35:08'),(567,45,5,23,'2025-11-29 12:35:08'),(568,45,5,24,'2025-11-29 12:35:08'),(569,45,5,25,'2025-11-29 12:35:08'),(570,45,6,29,'2025-11-29 12:35:08'),(571,45,6,30,'2025-11-29 12:35:08'),(572,45,6,31,'2025-11-29 12:35:08'),(573,45,6,34,'2025-11-29 12:35:08');
/*!40000 ALTER TABLE `detail_pantai` ENABLE KEYS */;
UNLOCK TABLES;

--
-- Table structure for table `kriteria`
--

DROP TABLE IF EXISTS `kriteria`;
/*!40101 SET @saved_cs_client     = @@character_set_client */;
/*!50503 SET character_set_client = utf8mb4 */;
CREATE TABLE `kriteria` (
  `id_kriteria` int NOT NULL AUTO_INCREMENT,
  `nama_kriteria` varchar(100) NOT NULL,
  `jenis_kriteria` enum('benefit','cost') NOT NULL,
  `tipe_penilaian` enum('range','checklist') NOT NULL COMMENT 'range=rentang nilai, checklist=ya/tidak',
  PRIMARY KEY (`id_kriteria`)
) ENGINE=InnoDB AUTO_INCREMENT=7 DEFAULT CHARSET=utf8mb4 COLLATE=utf8mb4_0900_ai_ci;
/*!40101 SET character_set_client = @saved_cs_client */;

--
-- Dumping data for table `kriteria`
--

LOCK TABLES `kriteria` WRITE;
/*!40000 ALTER TABLE `kriteria` DISABLE KEYS */;
INSERT INTO `kriteria` VALUES (2,'Harga Tiket Masuk','cost','range'),(3,'Rata-Rata Harga Makanan','cost','range'),(4,'Rating Google Maps','benefit','range'),(5,'Ketersediaan Fasilitas Umum','benefit','checklist'),(6,'Kondisi Jalan','benefit','checklist');
/*!40000 ALTER TABLE `kriteria` ENABLE KEYS */;
UNLOCK TABLES;

--
-- Table structure for table `pantai`
--

DROP TABLE IF EXISTS `pantai`;
/*!40101 SET @saved_cs_client     = @@character_set_client */;
/*!50503 SET character_set_client = utf8mb4 */;
CREATE TABLE `pantai` (
  `id_pantai` int NOT NULL AUTO_INCREMENT,
  `nama_pantai` varchar(100) NOT NULL,
  `provinsi` varchar(50) NOT NULL,
  `created_at` timestamp NULL DEFAULT CURRENT_TIMESTAMP,
  PRIMARY KEY (`id_pantai`)
) ENGINE=InnoDB AUTO_INCREMENT=47 DEFAULT CHARSET=utf8mb4 COLLATE=utf8mb4_0900_ai_ci;
/*!40101 SET character_set_client = @saved_cs_client */;

--
-- Dumping data for table `pantai`
--

LOCK TABLES `pantai` WRITE;
/*!40000 ALTER TABLE `pantai` DISABLE KEYS */;
INSERT INTO `pantai` VALUES (1,'Watu Ulo','Jawa Timur','2025-11-29 12:23:40'),(2,'Balekambang','Jawa Timur','2025-11-29 12:23:40'),(3,'Klayar','Jawa Timur','2025-11-29 12:23:40'),(4,'Ngliyep','Jawa Timur','2025-11-29 12:23:40'),(5,'Pasir Putih','Jawa Timur','2025-11-29 12:23:40'),(6,'Tiga Warna','Jawa Timur','2025-11-29 12:23:40'),(7,'Papuma','Jawa Timur','2025-11-29 12:23:40'),(8,'Pulau Merah','Jawa Timur','2025-11-29 12:23:40'),(9,'Plengkung','Jawa Timur','2025-11-29 12:23:40'),(10,'Teluk Hijau','Jawa Timur','2025-11-29 12:23:40'),(11,'Kondang Merak','Jawa Timur','2025-11-29 12:23:40'),(12,'Watu Karung','Jawa Timur','2025-11-29 12:23:40'),(13,'Tambakrejo','Jawa Timur','2025-11-29 12:23:40'),(14,'Sendang Biru','Jawa Timur','2025-11-29 12:23:40'),(15,'Buyutan','Jawa Timur','2025-11-29 12:23:40'),(16,'Celong','Jawa Tengah','2025-11-29 12:23:40'),(17,'Jodo','Jawa Tengah','2025-11-29 12:23:40'),(18,'Ujung Negoro','Jawa Tengah','2025-11-29 12:23:40'),(19,'Dasun','Jawa Tengah','2025-11-29 12:23:40'),(20,'Indah Layur','Jawa Tengah','2025-11-29 12:23:40'),(21,'Indah Widarapayung','Jawa Tengah','2025-11-29 12:23:40'),(22,'Sodong','Jawa Tengah','2025-11-29 12:23:40'),(23,'Teluk Penyu','Jawa Tengah','2025-11-29 12:23:40'),(24,'Ngebum','Jawa Tengah','2025-11-29 12:23:40'),(25,'Wonokerto','Jawa Tengah','2025-11-29 12:23:40'),(26,'Jatimalang','Jawa Tengah','2025-11-29 12:23:40'),(27,'Balongan Indah','Jawa Tengah','2025-11-29 12:23:40'),(28,'Jatisari','Jawa Tengah','2025-11-29 12:23:40'),(29,'Karang Jahe','Jawa Tengah','2025-11-29 12:23:40'),(30,'Pasir Putih Tasikharjo','Jawa Tengah','2025-11-29 12:23:40'),(31,'Jayanti','Jawa Barat','2025-11-29 12:23:40'),(32,'Pangandaran','Jawa Barat','2025-11-29 12:23:40'),(33,'Karang Tawulan','Jawa Barat','2025-11-29 12:23:40'),(34,'Pelabuhan Ratu','Jawa Barat','2025-11-29 12:23:40'),(35,'Santolo','Jawa Barat','2025-11-29 12:23:40'),(36,'Ujung Genteng','Jawa Barat','2025-11-29 12:23:40'),(37,'Citepus','Jawa Barat','2025-11-29 12:23:40'),(38,'Cimaja','Jawa Barat','2025-11-29 12:23:40'),(39,'Madasari','Jawa Barat','2025-11-29 12:23:40'),(40,'Sindangkerta','Jawa Barat','2025-11-29 12:23:40'),(41,'Cipatujah','Jawa Barat','2025-11-29 12:23:40'),(42,'Cicalobak','Jawa Barat','2025-11-29 12:23:40'),(43,'Manasulu','Jawa Barat','2025-11-29 12:23:40'),(44,'Tanjung Layar','Jawa Barat','2025-11-29 12:23:40'),(45,'Tanjung Lesung','Jawa Barat','2025-11-29 12:23:40');
/*!40000 ALTER TABLE `pantai` ENABLE KEYS */;
UNLOCK TABLES;

--
-- Table structure for table `skor_pantai`
--

DROP TABLE IF EXISTS `skor_pantai`;
/*!40101 SET @saved_cs_client     = @@character_set_client */;
/*!50503 SET character_set_client = utf8mb4 */;
CREATE TABLE `skor_pantai` (
  `id_skor` int NOT NULL AUTO_INCREMENT,
  `id_pantai` int NOT NULL,
  `id_kriteria` int NOT NULL,
  `nilai_skor` decimal(5,2) NOT NULL COMMENT 'Skor hasil perhitungan (1-5)',
  `updated_at` timestamp NULL DEFAULT CURRENT_TIMESTAMP ON UPDATE CURRENT_TIMESTAMP,
  PRIMARY KEY (`id_skor`),
  UNIQUE KEY `unique_pantai_kriteria` (`id_pantai`,`id_kriteria`),
  KEY `id_kriteria` (`id_kriteria`),
  CONSTRAINT `skor_pantai_ibfk_1` FOREIGN KEY (`id_pantai`) REFERENCES `pantai` (`id_pantai`) ON DELETE CASCADE,
  CONSTRAINT `skor_pantai_ibfk_2` FOREIGN KEY (`id_kriteria`) REFERENCES `kriteria` (`id_kriteria`) ON DELETE CASCADE
) ENGINE=InnoDB AUTO_INCREMENT=226 DEFAULT CHARSET=utf8mb4 COLLATE=utf8mb4_0900_ai_ci;
/*!40101 SET character_set_client = @saved_cs_client */;

--
-- Dumping data for table `skor_pantai`
--

LOCK TABLES `skor_pantai` WRITE;
/*!40000 ALTER TABLE `skor_pantai` DISABLE KEYS */;
INSERT INTO `skor_pantai` VALUES (1,1,2,5.00,'2025-12-01 13:58:10'),(2,1,3,5.00,'2025-12-01 13:58:10'),(3,1,4,4.00,'2025-12-01 13:58:10'),(4,1,5,6.00,'2025-12-01 13:58:10'),(5,1,6,6.00,'2025-12-01 13:58:10'),(6,2,2,4.00,'2025-12-01 13:58:10'),(7,2,3,3.00,'2025-12-01 13:58:10'),(8,2,4,4.00,'2025-12-01 13:58:10'),(9,2,5,6.00,'2025-12-01 13:58:10'),(10,2,6,6.00,'2025-12-01 13:58:10'),(11,3,2,4.00,'2025-12-01 13:58:10'),(12,3,3,5.00,'2025-12-01 13:58:10'),(13,3,4,4.00,'2025-12-01 13:58:10'),(14,3,5,6.00,'2025-12-01 13:58:10'),(15,3,6,6.00,'2025-12-01 13:58:10'),(16,4,2,4.00,'2025-12-01 13:58:10'),(17,4,3,2.00,'2025-12-01 13:58:10'),(18,4,4,4.00,'2025-12-01 13:58:10'),(19,4,5,5.00,'2025-12-01 13:58:10'),(20,4,6,6.00,'2025-12-01 13:58:10'),(21,5,2,5.00,'2025-12-01 13:58:10'),(22,5,3,5.00,'2025-12-01 13:58:10'),(23,5,4,4.00,'2025-12-01 13:58:10'),(24,5,5,8.00,'2025-12-01 13:58:10'),(25,5,6,6.00,'2025-12-01 13:58:10'),(26,6,2,5.00,'2025-12-01 13:58:10'),(27,6,3,4.00,'2025-12-01 13:58:10'),(28,6,4,4.00,'2025-12-01 13:58:10'),(29,6,5,5.00,'2025-12-01 13:58:10'),(30,6,6,4.00,'2025-12-01 13:58:10'),(31,7,2,3.00,'2025-12-01 13:58:10'),(32,7,3,3.00,'2025-12-01 13:58:10'),(33,7,4,4.00,'2025-12-01 13:58:10'),(34,7,5,7.00,'2025-12-01 13:58:10'),(35,7,6,5.00,'2025-12-01 13:58:10'),(36,8,2,4.00,'2025-12-01 13:58:10'),(37,8,3,5.00,'2025-12-01 13:58:10'),(38,8,4,4.00,'2025-12-01 13:58:10'),(39,8,5,5.00,'2025-12-01 13:58:10'),(40,8,6,4.00,'2025-12-01 13:58:10'),(41,9,2,4.00,'2025-12-01 13:58:10'),(42,9,3,2.00,'2025-12-01 13:58:10'),(43,9,4,4.00,'2025-12-01 13:58:10'),(44,9,5,5.00,'2025-12-01 13:58:10'),(45,9,6,3.00,'2025-12-01 13:58:10'),(46,10,2,5.00,'2025-12-01 13:58:10'),(47,10,3,4.00,'2025-12-01 13:58:10'),(48,10,4,5.00,'2025-12-01 13:58:10'),(49,10,5,4.00,'2025-12-01 13:58:10'),(50,10,6,3.00,'2025-12-01 13:58:10'),(51,11,2,4.00,'2025-12-01 13:58:29'),(52,11,3,5.00,'2025-12-01 13:58:29'),(53,11,4,5.00,'2025-12-01 13:58:29'),(54,11,5,7.00,'2025-12-01 13:58:29'),(55,11,6,3.00,'2025-12-01 13:58:29'),(56,12,2,4.00,'2025-12-01 13:58:29'),(57,12,3,5.00,'2025-12-01 13:58:29'),(58,12,4,5.00,'2025-12-01 13:58:29'),(59,12,5,6.00,'2025-12-01 13:58:29'),(60,12,6,3.00,'2025-12-01 13:58:29'),(61,13,2,5.00,'2025-12-01 13:58:29'),(62,13,3,4.00,'2025-12-01 13:58:29'),(63,13,4,4.00,'2025-12-01 13:58:29'),(64,13,5,6.00,'2025-12-01 13:58:29'),(65,13,6,3.00,'2025-12-01 13:58:29'),(66,14,2,5.00,'2025-12-01 13:58:29'),(67,14,3,5.00,'2025-12-01 13:58:29'),(68,14,4,4.00,'2025-12-01 13:58:29'),(69,14,5,6.00,'2025-12-01 13:58:29'),(70,14,6,4.00,'2025-12-01 13:58:29'),(71,15,2,5.00,'2025-12-01 13:58:29'),(72,15,3,5.00,'2025-12-01 13:58:29'),(73,15,4,5.00,'2025-12-01 13:58:29'),(74,15,5,5.00,'2025-12-01 13:58:29'),(75,15,6,4.00,'2025-12-01 13:58:29'),(76,16,2,5.00,'2025-12-01 13:58:29'),(77,16,3,5.00,'2025-12-01 13:58:29'),(78,16,4,4.00,'2025-12-01 13:58:29'),(79,16,5,5.00,'2025-12-01 13:58:29'),(80,16,6,6.00,'2025-12-01 13:58:29'),(81,17,2,5.00,'2025-12-01 13:58:29'),(82,17,3,5.00,'2025-12-01 13:58:29'),(83,17,4,4.00,'2025-12-01 13:58:29'),(84,17,5,5.00,'2025-12-01 13:58:29'),(85,17,6,6.00,'2025-12-01 13:58:29'),(86,18,2,5.00,'2025-12-01 13:58:29'),(87,18,3,5.00,'2025-12-01 13:58:29'),(88,18,4,4.00,'2025-12-01 13:58:29'),(89,18,5,4.00,'2025-12-01 13:58:29'),(90,18,6,4.00,'2025-12-01 13:58:29'),(91,19,2,5.00,'2025-12-01 13:58:29'),(92,19,3,5.00,'2025-12-01 13:58:29'),(93,19,4,4.00,'2025-12-01 13:58:29'),(94,19,5,3.00,'2025-12-01 13:58:29'),(95,19,6,3.00,'2025-12-01 13:58:29'),(96,20,2,5.00,'2025-12-01 13:58:29'),(97,20,3,5.00,'2025-12-01 13:58:29'),(98,20,4,5.00,'2025-12-01 13:58:29'),(99,20,5,6.00,'2025-12-01 13:58:29'),(100,20,6,4.00,'2025-12-01 13:58:29'),(101,21,2,5.00,'2025-12-01 13:58:52'),(102,21,3,5.00,'2025-12-01 13:58:52'),(103,21,4,4.00,'2025-12-01 13:58:52'),(104,21,5,5.00,'2025-12-01 13:58:52'),(105,21,6,4.00,'2025-12-01 13:58:52'),(106,22,2,5.00,'2025-12-01 13:58:52'),(107,22,3,5.00,'2025-12-01 13:58:52'),(108,22,4,4.00,'2025-12-01 13:58:52'),(109,22,5,5.00,'2025-12-01 13:58:52'),(110,22,6,5.00,'2025-12-01 13:58:52'),(111,23,2,5.00,'2025-12-01 13:58:52'),(112,23,3,5.00,'2025-12-01 13:58:52'),(113,23,4,4.00,'2025-12-01 13:58:52'),(114,23,5,5.00,'2025-12-01 13:58:52'),(115,23,6,6.00,'2025-12-01 13:58:52'),(116,24,2,5.00,'2025-12-01 13:58:52'),(117,24,3,5.00,'2025-12-01 13:58:52'),(118,24,4,3.00,'2025-12-01 13:58:52'),(119,24,5,3.00,'2025-12-01 13:58:52'),(120,24,6,5.00,'2025-12-01 13:58:52'),(121,25,2,5.00,'2025-12-01 13:58:52'),(122,25,3,5.00,'2025-12-01 13:58:52'),(123,25,4,4.00,'2025-12-01 13:58:52'),(124,25,5,4.00,'2025-12-01 13:58:52'),(125,25,6,5.00,'2025-12-01 13:58:52'),(126,26,2,4.00,'2025-12-01 13:58:52'),(127,26,3,3.00,'2025-12-01 13:58:52'),(128,26,4,4.00,'2025-12-01 13:58:52'),(129,26,5,4.00,'2025-12-01 13:58:52'),(130,26,6,5.00,'2025-12-01 13:58:52'),(131,27,2,4.00,'2025-12-01 13:58:52'),(132,27,3,4.00,'2025-12-01 13:58:52'),(133,27,4,4.00,'2025-12-01 13:58:52'),(134,27,5,6.00,'2025-12-01 13:58:52'),(135,27,6,5.00,'2025-12-01 13:58:52'),(136,28,2,5.00,'2025-12-01 13:58:52'),(137,28,3,4.00,'2025-12-01 13:58:52'),(138,28,4,4.00,'2025-12-01 13:58:52'),(139,28,5,4.00,'2025-12-01 13:58:52'),(140,28,6,5.00,'2025-12-01 13:58:52'),(141,29,2,3.00,'2025-12-01 13:58:52'),(142,29,3,3.00,'2025-12-01 13:58:52'),(143,29,4,4.00,'2025-12-01 13:58:52'),(144,29,5,6.00,'2025-12-01 13:58:52'),(145,29,6,6.00,'2025-12-01 13:58:52'),(146,30,2,5.00,'2025-12-01 13:58:52'),(147,30,3,5.00,'2025-12-01 13:58:52'),(148,30,4,4.00,'2025-12-01 13:58:52'),(149,30,5,4.00,'2025-12-01 13:58:52'),(150,30,6,5.00,'2025-12-01 13:58:52'),(151,31,2,5.00,'2025-12-01 13:59:07'),(152,31,3,5.00,'2025-12-01 13:59:07'),(153,31,4,4.00,'2025-12-01 13:59:07'),(154,31,5,5.00,'2025-12-01 13:59:07'),(155,31,6,4.00,'2025-12-01 13:59:07'),(156,32,2,3.00,'2025-12-01 13:59:07'),(157,32,3,5.00,'2025-12-01 13:59:07'),(158,32,4,5.00,'2025-12-01 13:59:07'),(159,32,5,3.00,'2025-12-01 13:59:07'),(160,32,6,6.00,'2025-12-01 13:59:07'),(161,33,2,4.00,'2025-12-01 13:59:07'),(162,33,3,5.00,'2025-12-01 13:59:07'),(163,33,4,5.00,'2025-12-01 13:59:07'),(164,33,5,5.00,'2025-12-01 13:59:07'),(165,33,6,5.00,'2025-12-01 13:59:07'),(166,34,2,4.00,'2025-12-01 13:59:07'),(167,34,3,5.00,'2025-12-01 13:59:07'),(168,34,4,5.00,'2025-12-01 13:59:07'),(169,34,5,4.00,'2025-12-01 13:59:07'),(170,34,6,4.00,'2025-12-01 13:59:07'),(171,35,2,4.00,'2025-12-01 13:59:07'),(172,35,3,5.00,'2025-12-01 13:59:07'),(173,35,4,5.00,'2025-12-01 13:59:07'),(174,35,5,5.00,'2025-12-01 13:59:07'),(175,35,6,4.00,'2025-12-01 13:59:07'),(176,36,2,5.00,'2025-12-01 13:59:07'),(177,36,3,5.00,'2025-12-01 13:59:07'),(178,36,4,5.00,'2025-12-01 13:59:07'),(179,36,5,6.00,'2025-12-01 13:59:07'),(180,36,6,5.00,'2025-12-01 13:59:07'),(181,37,2,5.00,'2025-12-01 13:59:07'),(182,37,3,5.00,'2025-12-01 13:59:07'),(183,37,4,5.00,'2025-12-01 13:59:07'),(184,37,5,4.00,'2025-12-01 13:59:07'),(185,37,6,4.00,'2025-12-01 13:59:07'),(186,38,2,5.00,'2025-12-01 13:59:07'),(187,38,3,5.00,'2025-12-01 13:59:07'),(188,38,4,5.00,'2025-12-01 13:59:07'),(189,38,5,3.00,'2025-12-01 13:59:07'),(190,38,6,4.00,'2025-12-01 13:59:07'),(191,39,2,4.00,'2025-12-01 13:59:07'),(192,39,3,4.00,'2025-12-01 13:59:07'),(193,39,4,5.00,'2025-12-01 13:59:07'),(194,39,5,6.00,'2025-12-01 13:59:07'),(195,39,6,6.00,'2025-12-01 13:59:07'),(196,40,2,5.00,'2025-12-01 13:59:07'),(197,40,3,5.00,'2025-12-01 13:59:07'),(198,40,4,4.00,'2025-12-01 13:59:07'),(199,40,5,4.00,'2025-12-01 13:59:07'),(200,40,6,5.00,'2025-12-01 13:59:07'),(201,41,2,5.00,'2025-12-01 13:59:19'),(202,41,3,5.00,'2025-12-01 13:59:19'),(203,41,4,4.00,'2025-12-01 13:59:19'),(204,41,5,4.00,'2025-12-01 13:59:19'),(205,41,6,4.00,'2025-12-01 13:59:19'),(206,42,2,5.00,'2025-12-01 13:59:19'),(207,42,3,5.00,'2025-12-01 13:59:19'),(208,42,4,4.00,'2025-12-01 13:59:19'),(209,42,5,4.00,'2025-12-01 13:59:19'),(210,42,6,4.00,'2025-12-01 13:59:19'),(211,43,2,5.00,'2025-12-01 13:59:19'),(212,43,3,5.00,'2025-12-01 13:59:19'),(213,43,4,4.00,'2025-12-01 13:59:19'),(214,43,5,5.00,'2025-12-01 13:59:19'),(215,43,6,4.00,'2025-12-01 13:59:19'),(216,44,2,5.00,'2025-12-01 13:59:19'),(217,44,3,5.00,'2025-12-01 13:59:19'),(218,44,4,5.00,'2025-12-01 13:59:19'),(219,44,5,6.00,'2025-12-01 13:59:19'),(220,44,6,6.00,'2025-12-01 13:59:19'),(221,45,2,3.00,'2025-12-01 13:59:19'),(222,45,3,4.00,'2025-12-01 13:59:19'),(223,45,4,4.00,'2025-12-01 13:59:19'),(224,45,5,5.00,'2025-12-01 13:59:19'),(225,45,6,4.00,'2025-12-01 13:59:19');
/*!40000 ALTER TABLE `skor_pantai` ENABLE KEYS */;
UNLOCK TABLES;

--
-- Table structure for table `sub_kriteria`
--

DROP TABLE IF EXISTS `sub_kriteria`;
/*!40101 SET @saved_cs_client     = @@character_set_client */;
/*!50503 SET character_set_client = utf8mb4 */;
CREATE TABLE `sub_kriteria` (
  `id_sub_kriteria` int NOT NULL AUTO_INCREMENT,
  `id_kriteria` int NOT NULL,
  `label` varchar(100) NOT NULL,
  `range_min` decimal(15,2) DEFAULT NULL,
  `range_max` decimal(15,2) DEFAULT NULL,
  `nilai_skor` tinyint DEFAULT NULL COMMENT '1-5 (untuk range)',
  `urutan` int DEFAULT NULL,
  PRIMARY KEY (`id_sub_kriteria`),
  KEY `id_kriteria` (`id_kriteria`),
  CONSTRAINT `sub_kriteria_ibfk_1` FOREIGN KEY (`id_kriteria`) REFERENCES `kriteria` (`id_kriteria`) ON DELETE CASCADE
) ENGINE=InnoDB AUTO_INCREMENT=35 DEFAULT CHARSET=utf8mb4 COLLATE=utf8mb4_0900_ai_ci;
/*!40101 SET character_set_client = @saved_cs_client */;

--
-- Dumping data for table `sub_kriteria`
--

LOCK TABLES `sub_kriteria` WRITE;
/*!40000 ALTER TABLE `sub_kriteria` DISABLE KEYS */;
INSERT INTO `sub_kriteria` VALUES (6,2,'41.000 - 50.000',41000.00,50000.00,1,1),(7,2,'31.000 - 40.000',31000.00,40000.00,2,2),(8,2,'21.000 - 30.000',21000.00,30000.00,3,3),(9,2,'11.000 - 20.000',11000.00,20000.00,4,4),(10,2,'0 - 10.000',0.00,10000.00,5,5),(11,3,'60.000 - 100.000',60000.00,100000.00,1,1),(12,3,'46.000 - 60.000',46000.00,60000.00,2,2),(13,3,'36.000 - 45.000',36000.00,45000.00,3,3),(14,3,'27.000 - 35.000',27000.00,35000.00,4,4),(15,3,'12.000 - 26.000',12000.00,26000.00,5,5),(16,4,'1 - 3',1.00,3.00,1,1),(17,4,'3.1 - 3.5',3.10,3.50,2,2),(18,4,'3.6 - 4.0',3.60,4.00,3,3),(19,4,'4.1 - 4.5',4.10,4.50,4,4),(20,4,'4.6 - 5',4.60,5.00,5,5),(21,5,'Toilet',NULL,NULL,NULL,1),(22,5,'Area Parkir',NULL,NULL,NULL,2),(23,5,'Tempat Makan',NULL,NULL,NULL,3),(24,5,'Tempat Ibadah (Musala)',NULL,NULL,NULL,4),(25,5,'Penginapan',NULL,NULL,NULL,5),(26,5,'Penyewaan Pelampung dan Ban',NULL,NULL,NULL,6),(27,5,'Penyewaan Gazebo dan Payung',NULL,NULL,NULL,7),(28,5,'Toko Souvenir',NULL,NULL,NULL,8),(29,6,'Jalan Beraspal',NULL,NULL,NULL,1),(30,6,'Kendaraan roda 2 bisa lewat',NULL,NULL,NULL,2),(31,6,'Kendaraan roda 4 bisa lewat',NULL,NULL,NULL,3),(32,6,'Kendaraan roda 6 dan 8 bisa lewat',NULL,NULL,NULL,4),(33,6,'Ada penerangan lampu jalan',NULL,NULL,NULL,5),(34,6,'Terdapat papan penunjuk arah',NULL,NULL,NULL,6);
/*!40000 ALTER TABLE `sub_kriteria` ENABLE KEYS */;
UNLOCK TABLES;

--
-- Dumping routines for database 'spk_pantai'
--
/*!40103 SET TIME_ZONE=@OLD_TIME_ZONE */;

/*!40101 SET SQL_MODE=@OLD_SQL_MODE */;
/*!40014 SET FOREIGN_KEY_CHECKS=@OLD_FOREIGN_KEY_CHECKS */;
/*!40014 SET UNIQUE_CHECKS=@OLD_UNIQUE_CHECKS */;
/*!40101 SET CHARACTER_SET_CLIENT=@OLD_CHARACTER_SET_CLIENT */;
/*!40101 SET CHARACTER_SET_RESULTS=@OLD_CHARACTER_SET_RESULTS */;
/*!40101 SET COLLATION_CONNECTION=@OLD_COLLATION_CONNECTION */;
/*!40111 SET SQL_NOTES=@OLD_SQL_NOTES */;

-- Dump completed on 2025-12-03 23:35:21
