-- phpMyAdmin SQL Dump
-- version 5.2.1
-- https://www.phpmyadmin.net/
--
-- Host: localhost:3306
-- Waktu pembuatan: 23 Des 2025 pada 05.52
-- Versi server: 8.0.30
-- Versi PHP: 8.1.10

SET SQL_MODE = "NO_AUTO_VALUE_ON_ZERO";
START TRANSACTION;
SET time_zone = "+00:00";


/*!40101 SET @OLD_CHARACTER_SET_CLIENT=@@CHARACTER_SET_CLIENT */;
/*!40101 SET @OLD_CHARACTER_SET_RESULTS=@@CHARACTER_SET_RESULTS */;
/*!40101 SET @OLD_COLLATION_CONNECTION=@@COLLATION_CONNECTION */;
/*!40101 SET NAMES utf8mb4 */;

--
-- Database: `spk_pantai`
--

-- --------------------------------------------------------

--
-- Struktur dari tabel `detail_pantai`
--

CREATE TABLE `detail_pantai` (
  `id_detail` int NOT NULL,
  `id_pantai` int NOT NULL,
  `id_kriteria` int NOT NULL,
  `id_sub_kriteria` int NOT NULL,
  `tanggal_input` timestamp NULL DEFAULT CURRENT_TIMESTAMP
) ENGINE=InnoDB DEFAULT CHARSET=utf8mb4 COLLATE=utf8mb4_0900_ai_ci;

--
-- Dumping data untuk tabel `detail_pantai`
--

INSERT INTO `detail_pantai` (`id_detail`, `id_pantai`, `id_kriteria`, `id_sub_kriteria`, `tanggal_input`) VALUES
(1, 1, 1, 10, '2025-11-29 12:25:43'),
(2, 1, 2, 14, '2025-11-29 12:25:43'),
(3, 1, 5, 19, '2025-11-29 12:25:43'),
(4, 1, 3, 21, '2025-11-29 12:25:43'),
(5, 1, 3, 22, '2025-11-29 12:25:43'),
(6, 1, 3, 23, '2025-11-29 12:25:43'),
(7, 1, 3, 24, '2025-11-29 12:25:43'),
(8, 1, 3, 25, '2025-11-29 12:25:43'),
(9, 1, 3, 28, '2025-11-29 12:25:43'),
(10, 1, 4, 29, '2025-11-29 12:25:43'),
(11, 1, 4, 30, '2025-11-29 12:25:43'),
(12, 1, 4, 31, '2025-11-29 12:25:43'),
(13, 1, 4, 32, '2025-11-29 12:25:43'),
(14, 1, 4, 33, '2025-11-29 12:25:43'),
(15, 1, 4, 34, '2025-11-29 12:25:43'),
(16, 2, 1, 9, '2025-11-29 12:25:43'),
(17, 2, 2, 13, '2025-11-29 12:25:43'),
(18, 2, 5, 19, '2025-11-29 12:25:43'),
(19, 2, 3, 21, '2025-11-29 12:25:43'),
(20, 2, 3, 22, '2025-11-29 12:25:43'),
(21, 2, 3, 23, '2025-11-29 12:25:43'),
(22, 2, 3, 24, '2025-11-29 12:25:43'),
(23, 2, 3, 25, '2025-11-29 12:25:43'),
(24, 2, 3, 28, '2025-11-29 12:25:43'),
(25, 2, 4, 29, '2025-11-29 12:25:43'),
(26, 2, 4, 30, '2025-11-29 12:25:43'),
(27, 2, 4, 31, '2025-11-29 12:25:43'),
(28, 2, 4, 32, '2025-11-29 12:25:43'),
(29, 2, 4, 33, '2025-11-29 12:25:43'),
(30, 2, 4, 34, '2025-11-29 12:25:43'),
(31, 3, 1, 9, '2025-11-29 12:25:43'),
(32, 3, 2, 14, '2025-11-29 12:25:43'),
(33, 3, 5, 20, '2025-11-29 12:25:43'),
(34, 3, 3, 21, '2025-11-29 12:25:43'),
(35, 3, 3, 22, '2025-11-29 12:25:43'),
(36, 3, 3, 23, '2025-11-29 12:25:43'),
(37, 3, 3, 24, '2025-11-29 12:25:43'),
(38, 3, 3, 25, '2025-11-29 12:25:43'),
(39, 3, 3, 28, '2025-11-29 12:25:43'),
(40, 3, 4, 29, '2025-11-29 12:25:43'),
(41, 3, 4, 30, '2025-11-29 12:25:43'),
(42, 3, 4, 31, '2025-11-29 12:25:43'),
(43, 3, 4, 32, '2025-11-29 12:25:43'),
(44, 3, 4, 33, '2025-11-29 12:25:43'),
(45, 3, 4, 34, '2025-11-29 12:25:43'),
(46, 4, 1, 9, '2025-11-29 12:25:43'),
(47, 4, 2, 11, '2025-11-29 12:25:43'),
(48, 4, 5, 20, '2025-11-29 12:25:43'),
(49, 4, 3, 21, '2025-11-29 12:25:43'),
(50, 4, 3, 22, '2025-11-29 12:25:43'),
(51, 4, 3, 23, '2025-11-29 12:25:43'),
(52, 4, 3, 24, '2025-11-29 12:25:43'),
(53, 4, 3, 25, '2025-11-29 12:25:43'),
(54, 4, 4, 29, '2025-11-29 12:25:43'),
(55, 4, 4, 30, '2025-11-29 12:25:43'),
(56, 4, 4, 31, '2025-11-29 12:25:43'),
(57, 4, 4, 32, '2025-11-29 12:25:43'),
(58, 4, 4, 33, '2025-11-29 12:25:43'),
(59, 4, 4, 34, '2025-11-29 12:25:43'),
(60, 5, 1, 10, '2025-11-29 12:25:43'),
(61, 5, 2, 14, '2025-11-29 12:25:43'),
(62, 5, 5, 19, '2025-11-29 12:25:43'),
(63, 5, 3, 21, '2025-11-29 12:25:43'),
(64, 5, 3, 22, '2025-11-29 12:25:43'),
(65, 5, 3, 23, '2025-11-29 12:25:43'),
(66, 5, 3, 24, '2025-11-29 12:25:43'),
(67, 5, 3, 25, '2025-11-29 12:25:43'),
(68, 5, 3, 26, '2025-11-29 12:25:43'),
(69, 5, 3, 27, '2025-11-29 12:25:43'),
(70, 5, 3, 28, '2025-11-29 12:25:43'),
(71, 5, 4, 29, '2025-11-29 12:25:43'),
(72, 5, 4, 30, '2025-11-29 12:25:43'),
(73, 5, 4, 31, '2025-11-29 12:25:43'),
(74, 5, 4, 32, '2025-11-29 12:25:43'),
(75, 5, 4, 33, '2025-11-29 12:25:43'),
(76, 5, 4, 34, '2025-11-29 12:25:43'),
(77, 6, 1, 10, '2025-11-29 12:25:43'),
(78, 6, 2, 13, '2025-11-29 12:25:43'),
(79, 6, 5, 20, '2025-11-29 12:25:43'),
(80, 6, 3, 21, '2025-11-29 12:25:43'),
(81, 6, 3, 22, '2025-11-29 12:25:43'),
(82, 6, 3, 23, '2025-11-29 12:25:43'),
(83, 6, 3, 24, '2025-11-29 12:25:43'),
(84, 6, 3, 26, '2025-11-29 12:25:43'),
(85, 6, 4, 29, '2025-11-29 12:25:43'),
(86, 6, 4, 30, '2025-11-29 12:25:43'),
(87, 6, 4, 31, '2025-11-29 12:25:43'),
(88, 6, 4, 34, '2025-11-29 12:25:43'),
(89, 7, 1, 8, '2025-11-29 12:25:43'),
(90, 7, 2, 13, '2025-11-29 12:25:43'),
(91, 7, 5, 20, '2025-11-29 12:25:43'),
(92, 7, 3, 21, '2025-11-29 12:25:43'),
(93, 7, 3, 22, '2025-11-29 12:25:43'),
(94, 7, 3, 23, '2025-11-29 12:25:43'),
(95, 7, 3, 24, '2025-11-29 12:25:43'),
(96, 7, 3, 25, '2025-11-29 12:25:43'),
(97, 7, 3, 27, '2025-11-29 12:25:43'),
(98, 7, 3, 28, '2025-11-29 12:25:43'),
(99, 7, 4, 29, '2025-11-29 12:25:43'),
(100, 7, 4, 30, '2025-11-29 12:25:43'),
(101, 7, 4, 31, '2025-11-29 12:25:43'),
(102, 7, 4, 32, '2025-11-29 12:25:43'),
(103, 7, 4, 34, '2025-11-29 12:25:43'),
(104, 8, 1, 9, '2025-11-29 12:25:43'),
(105, 8, 2, 14, '2025-11-29 12:25:43'),
(106, 8, 5, 20, '2025-11-29 12:25:43'),
(107, 8, 3, 21, '2025-11-29 12:25:43'),
(108, 8, 3, 22, '2025-11-29 12:25:43'),
(109, 8, 3, 23, '2025-11-29 12:25:43'),
(110, 8, 3, 24, '2025-11-29 12:25:43'),
(111, 8, 3, 25, '2025-11-29 12:25:43'),
(112, 8, 4, 30, '2025-11-29 12:25:43'),
(113, 8, 4, 31, '2025-11-29 12:25:43'),
(114, 8, 4, 32, '2025-11-29 12:25:43'),
(115, 8, 4, 34, '2025-11-29 12:25:43'),
(116, 9, 1, 9, '2025-11-29 12:25:43'),
(117, 9, 2, 11, '2025-11-29 12:25:43'),
(118, 9, 5, 20, '2025-11-29 12:25:43'),
(119, 9, 3, 21, '2025-11-29 12:25:43'),
(120, 9, 3, 22, '2025-11-29 12:25:43'),
(121, 9, 3, 23, '2025-11-29 12:25:43'),
(122, 9, 3, 25, '2025-11-29 12:25:43'),
(123, 9, 3, 27, '2025-11-29 12:25:43'),
(124, 9, 4, 30, '2025-11-29 12:25:43'),
(125, 9, 4, 31, '2025-11-29 12:25:43'),
(126, 9, 4, 34, '2025-11-29 12:25:43'),
(127, 10, 1, 10, '2025-11-29 12:25:43'),
(128, 10, 2, 13, '2025-11-29 12:25:43'),
(129, 10, 5, 20, '2025-11-29 12:25:43'),
(130, 10, 3, 21, '2025-11-29 12:25:43'),
(131, 10, 3, 22, '2025-11-29 12:25:43'),
(132, 10, 3, 23, '2025-11-29 12:25:43'),
(133, 10, 3, 27, '2025-11-29 12:25:43'),
(134, 10, 4, 30, '2025-11-29 12:25:43'),
(135, 10, 4, 31, '2025-11-29 12:25:43'),
(136, 10, 4, 34, '2025-11-29 12:25:43'),
(137, 11, 1, 9, '2025-11-29 12:25:43'),
(138, 11, 2, 14, '2025-11-29 12:25:43'),
(139, 11, 5, 20, '2025-11-29 12:25:43'),
(140, 11, 3, 21, '2025-11-29 12:25:43'),
(141, 11, 3, 22, '2025-11-29 12:25:43'),
(142, 11, 3, 23, '2025-11-29 12:25:43'),
(143, 11, 3, 24, '2025-11-29 12:25:43'),
(144, 11, 3, 25, '2025-11-29 12:25:43'),
(145, 11, 3, 27, '2025-11-29 12:25:43'),
(146, 11, 3, 28, '2025-11-29 12:25:43'),
(147, 11, 4, 30, '2025-11-29 12:25:43'),
(148, 11, 4, 31, '2025-11-29 12:25:43'),
(149, 11, 4, 34, '2025-11-29 12:25:43'),
(150, 12, 1, 9, '2025-11-29 12:25:43'),
(151, 12, 2, 14, '2025-11-29 12:25:43'),
(152, 12, 5, 20, '2025-11-29 12:25:43'),
(153, 12, 3, 21, '2025-11-29 12:25:43'),
(154, 12, 3, 22, '2025-11-29 12:25:43'),
(155, 12, 3, 23, '2025-11-29 12:25:43'),
(156, 12, 3, 24, '2025-11-29 12:25:43'),
(157, 12, 3, 25, '2025-11-29 12:25:43'),
(158, 12, 3, 26, '2025-11-29 12:25:43'),
(159, 12, 4, 29, '2025-11-29 12:25:43'),
(160, 12, 4, 30, '2025-11-29 12:25:43'),
(161, 12, 4, 31, '2025-11-29 12:25:43'),
(162, 12, 4, 34, '2025-11-29 12:25:43'),
(163, 13, 1, 10, '2025-11-29 12:25:43'),
(164, 13, 2, 12, '2025-11-29 12:25:43'),
(165, 13, 5, 20, '2025-11-29 12:25:43'),
(166, 13, 3, 21, '2025-11-29 12:25:43'),
(167, 13, 3, 22, '2025-11-29 12:25:43'),
(168, 13, 3, 23, '2025-11-29 12:25:43'),
(169, 13, 3, 24, '2025-11-29 12:25:43'),
(170, 13, 3, 25, '2025-11-29 12:25:43'),
(171, 13, 3, 27, '2025-11-29 12:25:43'),
(172, 13, 4, 29, '2025-11-29 12:25:43'),
(173, 13, 4, 30, '2025-11-29 12:25:43'),
(174, 13, 4, 31, '2025-11-29 12:25:43'),
(175, 13, 4, 34, '2025-11-29 12:25:43'),
(176, 14, 1, 10, '2025-11-29 12:25:43'),
(177, 14, 2, 14, '2025-11-29 12:25:43'),
(178, 14, 5, 20, '2025-11-29 12:25:43'),
(179, 14, 3, 21, '2025-11-29 12:25:43'),
(180, 14, 3, 22, '2025-11-29 12:25:43'),
(181, 14, 3, 23, '2025-11-29 12:25:43'),
(182, 14, 3, 24, '2025-11-29 12:25:43'),
(183, 14, 3, 25, '2025-11-29 12:25:43'),
(184, 14, 3, 27, '2025-11-29 12:25:43'),
(185, 14, 4, 29, '2025-11-29 12:25:43'),
(186, 14, 4, 30, '2025-11-29 12:25:43'),
(187, 14, 4, 31, '2025-11-29 12:25:43'),
(188, 14, 4, 32, '2025-11-29 12:25:43'),
(189, 14, 4, 34, '2025-11-29 12:25:43'),
(190, 15, 1, 10, '2025-11-29 12:25:43'),
(191, 15, 2, 14, '2025-11-29 12:25:43'),
(192, 15, 5, 20, '2025-11-29 12:25:43'),
(193, 15, 3, 21, '2025-11-29 12:25:43'),
(194, 15, 3, 22, '2025-11-29 12:25:43'),
(195, 15, 3, 23, '2025-11-29 12:25:43'),
(196, 15, 3, 24, '2025-11-29 12:25:43'),
(197, 15, 3, 25, '2025-11-29 12:25:43'),
(198, 15, 4, 29, '2025-11-29 12:25:43'),
(199, 15, 4, 30, '2025-11-29 12:25:43'),
(200, 15, 4, 31, '2025-11-29 12:25:43'),
(201, 15, 4, 34, '2025-11-29 12:25:43'),
(202, 16, 1, 10, '2025-11-29 12:28:06'),
(203, 16, 2, 14, '2025-11-29 12:28:06'),
(204, 16, 5, 19, '2025-11-29 12:28:06'),
(205, 16, 3, 21, '2025-11-29 12:28:06'),
(206, 16, 3, 22, '2025-11-29 12:28:06'),
(207, 16, 3, 23, '2025-11-29 12:28:06'),
(208, 16, 3, 24, '2025-11-29 12:28:06'),
(209, 16, 3, 28, '2025-11-29 12:28:06'),
(210, 16, 4, 29, '2025-11-29 12:28:06'),
(211, 16, 4, 30, '2025-11-29 12:28:06'),
(212, 16, 4, 31, '2025-11-29 12:28:06'),
(213, 16, 4, 32, '2025-11-29 12:28:06'),
(214, 16, 4, 33, '2025-11-29 12:28:06'),
(215, 16, 4, 34, '2025-11-29 12:28:06'),
(216, 17, 1, 10, '2025-11-29 12:28:06'),
(217, 17, 2, 14, '2025-11-29 12:28:06'),
(218, 17, 5, 19, '2025-11-29 12:28:06'),
(219, 17, 3, 21, '2025-11-29 12:28:06'),
(220, 17, 3, 22, '2025-11-29 12:28:06'),
(221, 17, 3, 23, '2025-11-29 12:28:06'),
(222, 17, 3, 24, '2025-11-29 12:28:06'),
(223, 17, 3, 28, '2025-11-29 12:28:06'),
(224, 17, 4, 29, '2025-11-29 12:28:06'),
(225, 17, 4, 30, '2025-11-29 12:28:06'),
(226, 17, 4, 31, '2025-11-29 12:28:06'),
(227, 17, 4, 32, '2025-11-29 12:28:06'),
(228, 17, 4, 33, '2025-11-29 12:28:06'),
(229, 17, 4, 34, '2025-11-29 12:28:06'),
(230, 18, 1, 10, '2025-11-29 12:28:06'),
(231, 18, 2, 14, '2025-11-29 12:28:06'),
(232, 18, 5, 20, '2025-11-29 12:28:06'),
(233, 18, 3, 21, '2025-11-29 12:28:06'),
(234, 18, 3, 22, '2025-11-29 12:28:06'),
(235, 18, 3, 23, '2025-11-29 12:28:06'),
(236, 18, 3, 24, '2025-11-29 12:28:06'),
(237, 18, 4, 29, '2025-11-29 12:28:06'),
(238, 18, 4, 30, '2025-11-29 12:28:06'),
(239, 18, 4, 31, '2025-11-29 12:28:06'),
(240, 18, 4, 32, '2025-11-29 12:28:06'),
(241, 18, 4, 33, '2025-11-29 12:28:06'),
(242, 19, 1, 10, '2025-11-29 12:28:06'),
(243, 19, 2, 14, '2025-11-29 12:28:06'),
(244, 19, 5, 19, '2025-11-29 12:28:06'),
(245, 19, 3, 21, '2025-11-29 12:28:06'),
(246, 19, 3, 22, '2025-11-29 12:28:06'),
(247, 19, 3, 23, '2025-11-29 12:28:06'),
(248, 19, 4, 30, '2025-11-29 12:28:06'),
(249, 19, 4, 31, '2025-11-29 12:28:06'),
(250, 19, 4, 33, '2025-11-29 12:28:06'),
(251, 20, 1, 10, '2025-11-29 12:28:06'),
(252, 20, 2, 14, '2025-11-29 12:28:06'),
(253, 20, 5, 20, '2025-11-29 12:28:06'),
(254, 20, 3, 21, '2025-11-29 12:28:06'),
(255, 20, 3, 22, '2025-11-29 12:28:06'),
(256, 20, 3, 23, '2025-11-29 12:28:06'),
(257, 20, 3, 24, '2025-11-29 12:28:06'),
(258, 20, 3, 25, '2025-11-29 12:28:06'),
(259, 20, 3, 28, '2025-11-29 12:28:06'),
(260, 20, 4, 29, '2025-11-29 12:28:06'),
(261, 20, 4, 30, '2025-11-29 12:28:06'),
(262, 20, 4, 31, '2025-11-29 12:28:06'),
(263, 20, 4, 33, '2025-11-29 12:28:06'),
(264, 21, 1, 9, '2025-11-29 12:28:06'),
(265, 21, 2, 14, '2025-11-29 12:28:06'),
(266, 21, 5, 19, '2025-11-29 12:28:06'),
(267, 21, 3, 21, '2025-11-29 12:28:06'),
(268, 21, 3, 22, '2025-11-29 12:28:06'),
(269, 21, 3, 23, '2025-11-29 12:28:06'),
(270, 21, 3, 24, '2025-11-29 12:28:06'),
(271, 21, 3, 27, '2025-11-29 12:28:06'),
(272, 21, 4, 29, '2025-11-29 12:28:06'),
(273, 21, 4, 30, '2025-11-29 12:28:06'),
(274, 21, 4, 31, '2025-11-29 12:28:06'),
(275, 21, 4, 33, '2025-11-29 12:28:06'),
(276, 22, 1, 10, '2025-11-29 12:28:06'),
(277, 22, 2, 14, '2025-11-29 12:28:06'),
(278, 22, 5, 18, '2025-11-29 12:28:06'),
(279, 22, 3, 21, '2025-11-29 12:28:06'),
(280, 22, 3, 22, '2025-11-29 12:28:06'),
(281, 22, 3, 23, '2025-11-29 12:28:06'),
(282, 22, 3, 24, '2025-11-29 12:28:06'),
(283, 22, 3, 28, '2025-11-29 12:28:06'),
(284, 22, 4, 29, '2025-11-29 12:28:06'),
(285, 22, 4, 30, '2025-11-29 12:28:06'),
(286, 22, 4, 31, '2025-11-29 12:28:06'),
(287, 22, 4, 33, '2025-11-29 12:28:06'),
(288, 22, 4, 34, '2025-11-29 12:28:06'),
(289, 23, 1, 9, '2025-11-29 12:28:06'),
(290, 23, 2, 14, '2025-11-29 12:28:06'),
(291, 23, 5, 19, '2025-11-29 12:28:06'),
(292, 23, 3, 21, '2025-11-29 12:28:06'),
(293, 23, 3, 22, '2025-11-29 12:28:06'),
(294, 23, 3, 23, '2025-11-29 12:28:06'),
(295, 23, 3, 24, '2025-11-29 12:28:06'),
(296, 23, 3, 28, '2025-11-29 12:28:06'),
(297, 23, 4, 29, '2025-11-29 12:28:06'),
(298, 23, 4, 30, '2025-11-29 12:28:06'),
(299, 23, 4, 31, '2025-11-29 12:28:06'),
(300, 23, 4, 32, '2025-11-29 12:28:06'),
(301, 23, 4, 33, '2025-11-29 12:28:06'),
(302, 23, 4, 34, '2025-11-29 12:28:06'),
(303, 24, 1, 10, '2025-11-29 12:28:06'),
(304, 24, 2, 14, '2025-11-29 12:28:06'),
(305, 24, 5, 18, '2025-11-29 12:28:06'),
(306, 24, 3, 21, '2025-11-29 12:28:06'),
(307, 24, 3, 22, '2025-11-29 12:28:06'),
(308, 24, 3, 23, '2025-11-29 12:28:06'),
(309, 24, 4, 29, '2025-11-29 12:28:06'),
(310, 24, 4, 30, '2025-11-29 12:28:06'),
(311, 24, 4, 31, '2025-11-29 12:28:06'),
(312, 24, 4, 33, '2025-11-29 12:28:06'),
(313, 24, 4, 34, '2025-11-29 12:28:06'),
(314, 25, 1, 10, '2025-11-29 12:28:06'),
(315, 25, 2, 14, '2025-11-29 12:28:06'),
(316, 25, 5, 19, '2025-11-29 12:28:06'),
(317, 25, 3, 21, '2025-11-29 12:28:06'),
(318, 25, 3, 22, '2025-11-29 12:28:06'),
(319, 25, 3, 23, '2025-11-29 12:28:06'),
(320, 25, 3, 24, '2025-11-29 12:28:06'),
(321, 25, 4, 29, '2025-11-29 12:28:06'),
(322, 25, 4, 30, '2025-11-29 12:28:06'),
(323, 25, 4, 31, '2025-11-29 12:28:06'),
(324, 25, 4, 33, '2025-11-29 12:28:06'),
(325, 25, 4, 34, '2025-11-29 12:28:06'),
(326, 26, 1, 9, '2025-11-29 12:28:06'),
(327, 26, 2, 13, '2025-11-29 12:28:06'),
(328, 26, 5, 20, '2025-11-29 12:28:06'),
(329, 26, 3, 21, '2025-11-29 12:28:06'),
(330, 26, 3, 22, '2025-11-29 12:28:06'),
(331, 26, 3, 23, '2025-11-29 12:28:06'),
(332, 26, 3, 24, '2025-11-29 12:28:06'),
(333, 26, 4, 29, '2025-11-29 12:28:06'),
(334, 26, 4, 30, '2025-11-29 12:28:06'),
(335, 26, 4, 31, '2025-11-29 12:28:06'),
(336, 26, 4, 33, '2025-11-29 12:28:06'),
(337, 26, 4, 34, '2025-11-29 12:28:06'),
(338, 27, 1, 9, '2025-11-29 12:28:06'),
(339, 27, 2, 13, '2025-11-29 12:28:06'),
(340, 27, 5, 19, '2025-11-29 12:28:06'),
(341, 27, 3, 21, '2025-11-29 12:28:06'),
(342, 27, 3, 22, '2025-11-29 12:28:06'),
(343, 27, 3, 23, '2025-11-29 12:28:06'),
(344, 27, 3, 24, '2025-11-29 12:28:06'),
(345, 27, 3, 27, '2025-11-29 12:28:06'),
(346, 27, 3, 28, '2025-11-29 12:28:06'),
(347, 27, 4, 29, '2025-11-29 12:28:06'),
(348, 27, 4, 30, '2025-11-29 12:28:06'),
(349, 27, 4, 31, '2025-11-29 12:28:06'),
(350, 27, 4, 33, '2025-11-29 12:28:06'),
(351, 27, 4, 34, '2025-11-29 12:28:06'),
(352, 28, 1, 10, '2025-11-29 12:28:06'),
(353, 28, 2, 13, '2025-11-29 12:28:06'),
(354, 28, 5, 19, '2025-11-29 12:28:06'),
(355, 28, 3, 21, '2025-11-29 12:28:06'),
(356, 28, 3, 22, '2025-11-29 12:28:06'),
(357, 28, 3, 23, '2025-11-29 12:28:06'),
(358, 28, 3, 24, '2025-11-29 12:28:06'),
(359, 28, 4, 29, '2025-11-29 12:28:06'),
(360, 28, 4, 30, '2025-11-29 12:28:06'),
(361, 28, 4, 31, '2025-11-29 12:28:06'),
(362, 28, 4, 33, '2025-11-29 12:28:06'),
(363, 28, 4, 34, '2025-11-29 12:28:06'),
(364, 29, 1, 8, '2025-11-29 12:28:06'),
(365, 29, 2, 13, '2025-11-29 12:28:06'),
(366, 29, 5, 19, '2025-11-29 12:28:06'),
(367, 29, 3, 21, '2025-11-29 12:28:06'),
(368, 29, 3, 22, '2025-11-29 12:28:06'),
(369, 29, 3, 23, '2025-11-29 12:28:06'),
(370, 29, 3, 24, '2025-11-29 12:28:06'),
(371, 29, 3, 27, '2025-11-29 12:28:06'),
(372, 29, 3, 28, '2025-11-29 12:28:06'),
(373, 29, 4, 29, '2025-11-29 12:28:06'),
(374, 29, 4, 30, '2025-11-29 12:28:06'),
(375, 29, 4, 31, '2025-11-29 12:28:06'),
(376, 29, 4, 32, '2025-11-29 12:28:06'),
(377, 29, 4, 33, '2025-11-29 12:28:06'),
(378, 29, 4, 34, '2025-11-29 12:28:06'),
(379, 30, 1, 10, '2025-11-29 12:28:06'),
(380, 30, 2, 14, '2025-11-29 12:28:06'),
(381, 30, 5, 19, '2025-11-29 12:28:06'),
(382, 30, 3, 21, '2025-11-29 12:28:06'),
(383, 30, 3, 22, '2025-11-29 12:28:06'),
(384, 30, 3, 23, '2025-11-29 12:28:06'),
(385, 30, 3, 24, '2025-11-29 12:28:06'),
(386, 30, 4, 29, '2025-11-29 12:28:06'),
(387, 30, 4, 30, '2025-11-29 12:28:06'),
(388, 30, 4, 31, '2025-11-29 12:28:06'),
(389, 30, 4, 33, '2025-11-29 12:28:06'),
(390, 30, 4, 34, '2025-11-29 12:28:06'),
(391, 31, 1, 10, '2025-11-29 12:30:43'),
(392, 31, 2, 14, '2025-11-29 12:30:43'),
(393, 31, 5, 18, '2025-11-29 12:30:43'),
(394, 31, 3, 21, '2025-11-29 12:30:43'),
(395, 31, 3, 22, '2025-11-29 12:30:43'),
(396, 31, 3, 23, '2025-11-29 12:30:43'),
(397, 31, 3, 24, '2025-11-29 12:30:43'),
(398, 31, 3, 25, '2025-11-29 12:30:43'),
(399, 31, 4, 29, '2025-11-29 12:30:43'),
(400, 31, 4, 30, '2025-11-29 12:30:43'),
(401, 31, 4, 31, '2025-11-29 12:30:43'),
(402, 31, 4, 34, '2025-11-29 12:30:43'),
(403, 32, 1, 8, '2025-11-29 12:30:43'),
(404, 32, 2, 14, '2025-11-29 12:30:43'),
(405, 32, 5, 20, '2025-11-29 12:30:43'),
(406, 32, 3, 21, '2025-11-29 12:30:43'),
(407, 32, 3, 22, '2025-11-29 12:30:43'),
(408, 32, 3, 23, '2025-11-29 12:30:43'),
(409, 32, 4, 29, '2025-11-29 12:30:43'),
(410, 32, 4, 30, '2025-11-29 12:30:43'),
(411, 32, 4, 31, '2025-11-29 12:30:43'),
(412, 32, 4, 32, '2025-11-29 12:30:43'),
(413, 32, 4, 33, '2025-11-29 12:30:43'),
(414, 32, 4, 34, '2025-11-29 12:30:43'),
(415, 33, 1, 9, '2025-11-29 12:30:43'),
(416, 33, 2, 14, '2025-11-29 12:30:43'),
(417, 33, 5, 20, '2025-11-29 12:30:43'),
(418, 33, 3, 21, '2025-11-29 12:30:43'),
(419, 33, 3, 22, '2025-11-29 12:30:43'),
(420, 33, 3, 23, '2025-11-29 12:30:43'),
(421, 33, 3, 24, '2025-11-29 12:30:43'),
(422, 33, 3, 25, '2025-11-29 12:30:43'),
(423, 33, 4, 29, '2025-11-29 12:30:43'),
(424, 33, 4, 30, '2025-11-29 12:30:43'),
(425, 33, 4, 31, '2025-11-29 12:30:43'),
(426, 33, 4, 33, '2025-11-29 12:30:43'),
(427, 33, 4, 34, '2025-11-29 12:30:43'),
(428, 34, 1, 9, '2025-11-29 12:35:08'),
(429, 34, 2, 14, '2025-11-29 12:35:08'),
(430, 34, 5, 20, '2025-11-29 12:35:08'),
(431, 34, 3, 21, '2025-11-29 12:35:08'),
(432, 34, 3, 22, '2025-11-29 12:35:08'),
(433, 34, 3, 23, '2025-11-29 12:35:08'),
(434, 34, 3, 24, '2025-11-29 12:35:08'),
(435, 34, 4, 29, '2025-11-29 12:35:08'),
(436, 34, 4, 30, '2025-11-29 12:35:08'),
(437, 34, 4, 31, '2025-11-29 12:35:08'),
(438, 34, 4, 34, '2025-11-29 12:35:08'),
(439, 35, 1, 9, '2025-11-29 12:35:08'),
(440, 35, 2, 14, '2025-11-29 12:35:08'),
(441, 35, 5, 20, '2025-11-29 12:35:08'),
(442, 35, 3, 21, '2025-11-29 12:35:08'),
(443, 35, 3, 22, '2025-11-29 12:35:08'),
(444, 35, 3, 23, '2025-11-29 12:35:08'),
(445, 35, 3, 24, '2025-11-29 12:35:08'),
(446, 35, 3, 25, '2025-11-29 12:35:08'),
(447, 35, 4, 29, '2025-11-29 12:35:08'),
(448, 35, 4, 30, '2025-11-29 12:35:08'),
(449, 35, 4, 31, '2025-11-29 12:35:08'),
(450, 35, 4, 34, '2025-11-29 12:35:08'),
(451, 36, 1, 10, '2025-11-29 12:35:08'),
(452, 36, 2, 14, '2025-11-29 12:35:08'),
(453, 36, 5, 20, '2025-11-29 12:35:08'),
(454, 36, 3, 21, '2025-11-29 12:35:08'),
(455, 36, 3, 22, '2025-11-29 12:35:08'),
(456, 36, 3, 23, '2025-11-29 12:35:08'),
(457, 36, 3, 24, '2025-11-29 12:35:08'),
(458, 36, 3, 25, '2025-11-29 12:35:08'),
(459, 36, 3, 28, '2025-11-29 12:35:08'),
(460, 36, 4, 29, '2025-11-29 12:35:08'),
(461, 36, 4, 30, '2025-11-29 12:35:08'),
(462, 36, 4, 31, '2025-11-29 12:35:08'),
(463, 36, 4, 33, '2025-11-29 12:35:08'),
(464, 36, 4, 34, '2025-11-29 12:35:08'),
(465, 37, 1, 10, '2025-11-29 12:35:08'),
(466, 37, 2, 14, '2025-11-29 12:35:08'),
(467, 37, 5, 20, '2025-11-29 12:35:08'),
(468, 37, 3, 21, '2025-11-29 12:35:08'),
(469, 37, 3, 22, '2025-11-29 12:35:08'),
(470, 37, 3, 23, '2025-11-29 12:35:08'),
(471, 37, 3, 24, '2025-11-29 12:35:08'),
(472, 37, 4, 29, '2025-11-29 12:35:08'),
(473, 37, 4, 30, '2025-11-29 12:35:08'),
(474, 37, 4, 31, '2025-11-29 12:35:08'),
(475, 37, 4, 34, '2025-11-29 12:35:08'),
(476, 38, 1, 10, '2025-11-29 12:35:08'),
(477, 38, 2, 14, '2025-11-29 12:35:08'),
(478, 38, 5, 20, '2025-11-29 12:35:08'),
(479, 38, 3, 21, '2025-11-29 12:35:08'),
(480, 38, 3, 22, '2025-11-29 12:35:08'),
(481, 38, 3, 23, '2025-11-29 12:35:08'),
(482, 38, 4, 29, '2025-11-29 12:35:08'),
(483, 38, 4, 30, '2025-11-29 12:35:08'),
(484, 38, 4, 31, '2025-11-29 12:35:08'),
(485, 38, 4, 34, '2025-11-29 12:35:08'),
(486, 39, 1, 9, '2025-11-29 12:35:08'),
(487, 39, 2, 14, '2025-11-29 12:35:08'),
(488, 39, 5, 20, '2025-11-29 12:35:08'),
(489, 39, 3, 21, '2025-11-29 12:35:08'),
(490, 39, 3, 22, '2025-11-29 12:35:08'),
(491, 39, 3, 23, '2025-11-29 12:35:08'),
(492, 39, 3, 24, '2025-11-29 12:35:08'),
(493, 39, 3, 25, '2025-11-29 12:35:08'),
(494, 39, 3, 28, '2025-11-29 12:35:08'),
(495, 39, 4, 29, '2025-11-29 12:35:08'),
(496, 39, 4, 30, '2025-11-29 12:35:08'),
(497, 39, 4, 31, '2025-11-29 12:35:08'),
(498, 39, 4, 32, '2025-11-29 12:35:08'),
(499, 39, 4, 33, '2025-11-29 12:35:08'),
(500, 39, 4, 34, '2025-11-29 12:35:08'),
(501, 40, 1, 10, '2025-11-29 12:35:08'),
(502, 40, 2, 13, '2025-11-29 12:35:08'),
(503, 40, 5, 19, '2025-11-29 12:35:08'),
(504, 40, 3, 21, '2025-11-29 12:35:08'),
(505, 40, 3, 22, '2025-11-29 12:35:08'),
(506, 40, 3, 23, '2025-11-29 12:35:08'),
(507, 40, 3, 24, '2025-11-29 12:35:08'),
(508, 40, 4, 29, '2025-11-29 12:35:08'),
(509, 40, 4, 30, '2025-11-29 12:35:08'),
(510, 40, 4, 31, '2025-11-29 12:35:08'),
(511, 40, 4, 33, '2025-11-29 12:35:08'),
(512, 40, 4, 34, '2025-11-29 12:35:08'),
(513, 41, 1, 10, '2025-11-29 12:35:08'),
(514, 41, 2, 14, '2025-11-29 12:35:08'),
(515, 41, 5, 19, '2025-11-29 12:35:08'),
(516, 41, 3, 21, '2025-11-29 12:35:08'),
(517, 41, 3, 22, '2025-11-29 12:35:08'),
(518, 41, 3, 23, '2025-11-29 12:35:08'),
(519, 41, 3, 24, '2025-11-29 12:35:08'),
(520, 41, 4, 29, '2025-11-29 12:35:08'),
(521, 41, 4, 30, '2025-11-29 12:35:08'),
(522, 41, 4, 31, '2025-11-29 12:35:08'),
(523, 41, 4, 34, '2025-11-29 12:35:08'),
(524, 42, 1, 10, '2025-11-29 12:35:08'),
(525, 42, 2, 14, '2025-11-29 12:35:08'),
(526, 42, 5, 19, '2025-11-29 12:35:08'),
(527, 42, 3, 21, '2025-11-29 12:35:08'),
(528, 42, 3, 22, '2025-11-29 12:35:08'),
(529, 42, 3, 23, '2025-11-29 12:35:08'),
(530, 42, 3, 24, '2025-11-29 12:35:08'),
(531, 42, 4, 29, '2025-11-29 12:35:08'),
(532, 42, 4, 30, '2025-11-29 12:35:08'),
(533, 42, 4, 31, '2025-11-29 12:35:08'),
(534, 42, 4, 34, '2025-11-29 12:35:08'),
(535, 43, 1, 10, '2025-11-29 12:35:08'),
(536, 43, 2, 14, '2025-11-29 12:35:08'),
(537, 43, 5, 20, '2025-11-29 12:35:08'),
(538, 43, 3, 21, '2025-11-29 12:35:08'),
(539, 43, 3, 22, '2025-11-29 12:35:08'),
(540, 43, 3, 23, '2025-11-29 12:35:08'),
(541, 43, 3, 24, '2025-11-29 12:35:08'),
(542, 43, 3, 25, '2025-11-29 12:35:08'),
(543, 43, 4, 29, '2025-11-29 12:35:08'),
(544, 43, 4, 30, '2025-11-29 12:35:08'),
(545, 43, 4, 31, '2025-11-29 12:35:08'),
(546, 43, 4, 34, '2025-11-29 12:35:08'),
(547, 44, 1, 10, '2025-11-29 12:35:08'),
(548, 44, 2, 14, '2025-11-29 12:35:08'),
(549, 44, 5, 20, '2025-11-29 12:35:08'),
(550, 44, 3, 21, '2025-11-29 12:35:08'),
(551, 44, 3, 22, '2025-11-29 12:35:08'),
(552, 44, 3, 23, '2025-11-29 12:35:08'),
(553, 44, 3, 24, '2025-11-29 12:35:08'),
(554, 44, 3, 25, '2025-11-29 12:35:08'),
(555, 44, 3, 28, '2025-11-29 12:35:08'),
(556, 44, 4, 29, '2025-11-29 12:35:08'),
(557, 44, 4, 30, '2025-11-29 12:35:08'),
(558, 44, 4, 31, '2025-11-29 12:35:08'),
(559, 44, 4, 32, '2025-11-29 12:35:08'),
(560, 44, 4, 33, '2025-11-29 12:35:08'),
(561, 44, 4, 34, '2025-11-29 12:35:08'),
(562, 45, 1, 8, '2025-11-29 12:35:08'),
(563, 45, 2, 12, '2025-11-29 12:35:08'),
(564, 45, 5, 19, '2025-11-29 12:35:08'),
(565, 45, 3, 21, '2025-11-29 12:35:08'),
(566, 45, 3, 22, '2025-11-29 12:35:08'),
(567, 45, 3, 23, '2025-11-29 12:35:08'),
(568, 45, 3, 24, '2025-11-29 12:35:08'),
(569, 45, 3, 25, '2025-11-29 12:35:08'),
(570, 45, 4, 29, '2025-11-29 12:35:08'),
(571, 45, 4, 30, '2025-11-29 12:35:08'),
(572, 45, 4, 31, '2025-11-29 12:35:08'),
(573, 45, 4, 34, '2025-11-29 12:35:08');

-- --------------------------------------------------------

--
-- Struktur dari tabel `kriteria`
--

CREATE TABLE `kriteria` (
  `id_kriteria` int NOT NULL,
  `nama_kriteria` varchar(100) NOT NULL,
  `jenis_kriteria` enum('benefit','cost') NOT NULL,
  `tipe_penilaian` enum('range','checklist') NOT NULL COMMENT 'range=rentang nilai, checklist=ya/tidak'
) ENGINE=InnoDB DEFAULT CHARSET=utf8mb4 COLLATE=utf8mb4_0900_ai_ci;

--
-- Dumping data untuk tabel `kriteria`
--

INSERT INTO `kriteria` (`id_kriteria`, `nama_kriteria`, `jenis_kriteria`, `tipe_penilaian`) VALUES
(1, 'Harga Tiket Masuk', 'cost', 'range'),
(2, 'Rata-Rata Harga Makanan', 'cost', 'range'),
(3, 'Ketersediaan Fasilitas Umum', 'benefit', 'checklist'),
(4, 'Kondisi Jalan', 'benefit', 'checklist'),
(5, 'Rating Google Maps', 'benefit', 'range');

-- --------------------------------------------------------

--
-- Struktur dari tabel `pantai`
--

CREATE TABLE `pantai` (
  `id_pantai` int NOT NULL,
  `nama_pantai` varchar(100) NOT NULL,
  `provinsi` varchar(50) NOT NULL,
  `HTM` varchar(50) DEFAULT NULL COMMENT 'Harga Tiket Masuk',
  `RRHM` varchar(50) DEFAULT NULL COMMENT 'Rata-Rata Harga Makanan',
  `KFU` varchar(255) DEFAULT NULL COMMENT 'Ketersediaan Fasilitas Umum',
  `KJ` varchar(255) DEFAULT NULL COMMENT 'Kondisi Jalan',
  `RGM` decimal(2,1) DEFAULT NULL COMMENT 'Rating Google Maps',
  `created_at` timestamp NULL DEFAULT CURRENT_TIMESTAMP
) ENGINE=InnoDB DEFAULT CHARSET=utf8mb4 COLLATE=utf8mb4_0900_ai_ci;

--
-- Dumping data untuk tabel `pantai`
--

INSERT INTO `pantai` (`id_pantai`, `nama_pantai`, `provinsi`, `HTM`, `RRHM`, `KFU`, `KJ`, `RGM`, `created_at`) VALUES
(1, 'Watu Ulo', 'Jawa Timur', 'Rp10,000', 'Rp 25,000', 'Toilet, Area Parkir, Tempat Makan, Tempat Ibadah (Musala), Penginapan, Toko Souvenir', 'Jalan Beraspal, Kendaraan roda 2 bisa lewat, Kendaraan roda 4 bisa lewat, Kendaraan roda 6 dan 8 bisa lewat, Ada penerangan/lampu jalan, Terdapat papan penunjuk arah', 4.2, '2025-11-29 12:23:40'),
(2, 'Balekambang', 'Jawa Timur', 'Rp15,000', 'Rp 40,000', 'Toilet, Area Parkir, Tempat Makan, Tempat Ibadah (Musala), Penginapan, Toko Souvenir', 'Jalan Beraspal, Kendaraan roda 2 bisa lewat, Kendaraan roda 4 bisa lewat, Kendaraan roda 6 dan 8 bisa lewat, Ada penerangan/lampu jalan, Terdapat papan penunjuk arah', 4.4, '2025-11-29 12:23:40'),
(3, 'Klayar', 'Jawa Timur', 'Rp15,000', 'Rp 20,000', 'Toilet, Area Parkir, Tempat Makan, Tempat Ibadah (Musala), Penginapan, Toko Souvenir', 'Jalan Beraspal, Kendaraan roda 2 bisa lewat, Kendaraan roda 4 bisa lewat, Kendaraan roda 6 dan 8 bisa lewat, Ada penerangan/lampu jalan, Terdapat papan penunjuk arah', 4.5, '2025-11-29 12:23:40'),
(4, 'Ngliyep', 'Jawa Timur', 'Rp15,000', 'Rp 50,000', 'Toilet, Area Parkir, Tempat Makan, Tempat Ibadah (Musala), Penginapan', 'Jalan Beraspal, Kendaraan roda 2 bisa lewat, Kendaraan roda 4 bisa lewat, Kendaraan roda 6 dan 8 bisa lewat, Ada penerangan/lampu jalan, Terdapat papan penunjuk arah', 4.5, '2025-11-29 12:23:40'),
(5, 'Pasir Putih', 'Jawa Timur', 'Rp 10,000', 'Rp 20,000', 'Toilet, Area Parkir, Tempat Makan, Tempat Ibadah (Musala), Penginapan, Toko Souvenir, Penyewaan Pelampung dan Ban, Penyewaan Gazebo atau Payung', 'Jalan Beraspal, Kendaraan roda 2 bisa lewat, Kendaraan roda 4 bisa lewat, Kendaraan roda 6 dan 8 bisa lewat, Ada penerangan/lampu jalan, Terdapat papan penunjuk arah', 4.2, '2025-11-29 12:23:40'),
(6, 'Tiga Warna', 'Jawa Timur', 'Rp 10,000', 'Rp 32,000', 'Toilet, Area Parkir, Tempat Makan, Tempat Ibadah (Musala), Penyewaan Pelampung dan Ban', 'Jalan Beraspal, Kendaraan roda 2 bisa lewat, Kendaraan roda 4 bisa lewat, Terdapat papan penunjuk arah', 4.5, '2025-11-29 12:23:40'),
(7, 'Papuma', 'Jawa Timur', 'Rp 25,000', 'Rp 45,000', 'Toilet, Area Parkir, Tempat Makan, Tempat Ibadah (Musala), Penginapan, Penyewaan Gazebo atau Payung, Toko Souvenir', 'Jalan Beraspal, Kendaraan roda 2 bisa lewat, Kendaraan roda 4 bisa lewat, Kendaraan roda 6 dan 8 bisa lewat, Terdapat papan penunjuk arah', 4.5, '2025-11-29 12:23:40'),
(8, 'Pulau Merah', 'Jawa Timur', 'Rp 15,000', 'Rp 20,000', 'Toilet, Area Parkir, Tempat Makan, Tempat Ibadah (Musala), Penginapan', 'Kendaraan roda 2 bisa lewat, Kendaraan roda 4 bisa lewat, Kendaraan roda 6 dan 8 bisa lewat, Terdapat papan penunjuk arah', 4.5, '2025-11-29 12:23:40'),
(9, 'Plengkung', 'Jawa Timur', 'Rp 15,000', 'Rp 50,000', 'Toilet, Area Parkir, Tempat Makan, Penginapan, Penyewaan Gazebo atau Payung', 'Kendaraan roda 2 bisa lewat, Kendaraan roda 4 bisa lewat, Terdapat papan penunjuk arah', 4.5, '2025-11-29 12:23:40'),
(10, 'Teluk Hijau', 'Jawa Timur', 'Rp 10,000', 'Rp 30,000', 'Toilet, Area Parkir, Tempat Makan, Penyewaan Gazebo atau Payung', 'Kendaraan roda 2 bisa lewat, Kendaraan roda 4 bisa lewat, Terdapat papan penunjuk arah', 4.7, '2025-11-29 12:23:40'),
(11, 'Kondang Merak', 'Jawa Timur', 'Rp 15,000', 'Rp 12,000', 'Toilet, Area Parkir, Tempat Makan, Tempat Ibadah (Musala), Penginapan, Toko Souvenir, Penyewaan Gazebo atau Payung', 'Kendaraan roda 2 bisa lewat, Kendaraan roda 4 bisa lewat, Terdapat papan penunjuk arah', 4.6, '2025-11-29 12:23:40'),
(12, 'Watu Karung', 'Jawa Timur', 'Rp 15,000', 'Rp 25,000', 'Toilet, Area Parkir, Tempat Makan, Tempat Ibadah (Musala), Penginapan, Penyewaan Pelampung dan Ban', 'Jalan Beraspal, Kendaraan roda 2 bisa lewat, Kendaraan roda 4 bisa lewat, Terdapat papan penunjuk arah', 4.7, '2025-11-29 12:23:40'),
(13, 'Tambakrejo', 'Jawa Timur', 'Rp 10,000', 'Rp 35,000', 'Toilet, Area Parkir, Tempat Makan, Tempat Ibadah (Musala), Penginapan, Penyewaan Gazebo atau Payung', 'Jalan Beraspal, Kendaraan roda 2 bisa lewat, Kendaraan roda 4 bisa lewat, Terdapat papan penunjuk arah', 4.5, '2025-11-29 12:23:40'),
(14, 'Sendang Biru', 'Jawa Timur', 'Rp 10,000', 'Rp 16,000', 'Toilet, Area Parkir, Tempat Makan, Tempat Ibadah (Musala), Penginapan,  Penyewaan Gazebo atau Payung', 'Jalan Beraspal, Kendaraan roda 2 bisa lewat, Kendaraan roda 4 bisa lewat, Kendaraan roda 6 dan 8 bisa lewat, Terdapat papan penunjuk arah', 4.5, '2025-11-29 12:23:40'),
(15, 'Buyutan', 'Jawa Timur', 'Rp 10,000', 'Rp 20,000', 'Toilet, Area Parkir, Tempat Makan, Tempat Ibadah (Musala), Penginapan', 'Jalan Beraspal, Kendaraan roda 2 bisa lewat, Kendaraan roda 4 bisa lewat, Terdapat papan penunjuk arah', 4.7, '2025-11-29 12:23:40'),
(16, 'Celong', 'Jawa Tengah', 'Rp3,000', 'Rp16,000', 'Toilet, Area Parkir, Tempat Makan, Tempat Ibadah, Toko Souvenir', 'Jalan Beraspal, Kendaraan roda 2 bisa lewat, Kendaraan roda 4 bisa lewat, Kendaraan roda 6 dan 8 bisa lewat, Ada penerangan/lampu jalan, Terdapat papan penunjuk arah', 4.2, '2025-11-29 12:23:40'),
(17, 'Jodo', 'Jawa Tengah', 'Rp5,000', 'Rp18,500', 'Toilet, Area Parkir, Tempat Makan, Tempat Ibadah, Toko Souvenir', 'Jalan Beraspal, Kendaraan roda 2 bisa lewat, Kendaraan roda 4 bisa lewat, Kendaraan roda 6 dan 8 bisa lewat, Ada penerangan/lampu jalan, Terdapat papan penunjuk arah', 4.4, '2025-11-29 12:23:40'),
(18, 'Ujung Negoro', 'Jawa Tengah', 'Rp5,000', 'Rp14,500', 'Toilet, Area Parkir, Tempat Makan, Tempat Ibadah', 'Jalan Beraspal, Kendaraan roda 2 bisa lewat, Kendaraan roda 4 bisa lewat, Kendaraan roda 6 dan 8 bisa lewat, Ada penerangan/lampu jalan', 4.5, '2025-11-29 12:23:40'),
(19, 'Dasun', 'Jawa Tengah', 'Rp3,000', 'Rp13,000', 'Toilet, Area Parkir, Tempat Makan', 'Kendaraan roda 2 bisa lewat, Kendaraan roda 4 bisa lewat,  Ada penerangan/lampu jalan', 4.4, '2025-11-29 12:23:40'),
(20, 'Indah Layur', 'Jawa Tengah', 'Rp10,000', 'Rp23,500', 'Toilet, Area Parkir, Tempat Makan, Mushala, Penginapan, Toko Souvenir', 'Jalan Beraspal, Kendaraan roda 2 bisa lewat, Kendaraan roda 4 bisa lewat,  Ada penerangan/lampu jalan', 4.6, '2025-11-29 12:23:40'),
(21, 'Indah Widarapayung', 'Jawa Tengah', 'Rp7,500', 'Rp24,000', 'Toilet, Area Parkir, Tempat Makan, Penyewaan Gazebo dan Payung, Tempat Ibadah', 'Jalan Beraspal, Kendaraan roda 2 bisa lewat, Kendaraan roda 4 bisa lewat,  Ada penerangan/lampu jalan', 4.2, '2025-11-29 12:23:40'),
(22, 'Sodong', 'Jawa Tengah', 'Rp6,000', 'Rp20,000', 'Toilet, Area Parkir, Tempat Makan, Tempat Ibadah, Toko Souvenir', 'Jalan Beraspal, Kendaraan roda 2 bisa lewat, Kendaraan roda 4 bisa lewat,  Ada penerangan/lampu jalan, Terdapat papan penunjuk arah', 4.1, '2025-11-29 12:23:40'),
(23, 'Teluk Penyu', 'Jawa Tengah', 'Rp7,500', 'Rp21,000', 'Toilet, Area Parkir, Tempat Makan, Mushala, Toko Souvenir', 'Jalan Beraspal, Kendaraan roda 2 bisa lewat, Kendaraan roda 4 bisa lewat,  Ada penerangan/lampu jalan, Terdapat papan penunjuk arah, Kendaraan roda 6 dan 8 bisa lewat', 4.2, '2025-11-29 12:23:40'),
(24, 'Ngebum', 'Jawa Tengah', 'Rp5,000', 'Rp25,000', 'Toilet, Area Parkir, Tempat Makan', 'Jalan Beraspal, Kendaraan roda 2 bisa lewat, Kendaraan roda 4 bisa lewat,  Ada penerangan/lampu jalan, Terdapat papan penunjuk arah', 4.0, '2025-11-29 12:23:40'),
(25, 'Wonokerto', 'Jawa Tengah', 'Rp3,000', 'Rp17,000', 'Toilet, Area Parkir, Tempat Makan, Mushala', 'Jalan Beraspal, Kendaraan roda 2 bisa lewat, Kendaraan roda 4 bisa lewat,  Ada penerangan/lampu jalan, Terdapat papan penunjuk arah', 4.4, '2025-11-29 12:23:40'),
(26, 'Jatimalang', 'Jawa Tengah', 'Rp17,000', 'Rp38,000', 'Toilet, Area Parkir, Tempat Makan, Mushala', 'Jalan Beraspal, Kendaraan roda 2 bisa lewat, Kendaraan roda 4 bisa lewat,  Ada penerangan/lampu jalan, Terdapat papan penunjuk arah', 4.5, '2025-11-29 12:23:40'),
(27, 'Balongan Indah', 'Jawa Tengah', 'Rp15,000', 'Rp34,000', 'Toilet, Area Parkir, Tempat Makan, Mushala, Ada Gazebo dan Payung, Toko Souvenir', 'Jalan Beraspal, Kendaraan roda 2 bisa lewat, Kendaraan roda 4 bisa lewat,  Ada penerangan/lampu jalan, Terdapat papan penunjuk arah', 4.2, '2025-11-29 12:23:40'),
(28, 'Jatisari', 'Jawa Tengah', 'Rp10,000', 'Rp28,000', 'Toilet, Area Parkir, Tempat Makan, Mushala', 'Jalan Beraspal, Kendaraan roda 2 bisa lewat, Kendaraan roda 4 bisa lewat,  Ada penerangan/lampu jalan, Terdapat papan penunjuk arah', 4.3, '2025-11-29 12:23:40'),
(29, 'Karang Jahe', 'Jawa Tengah', 'Rp25,000', 'Rp36,000', 'Toilet, Area Parkir, Tempat Makan, Mushala, Toko Souvenir, Penyewaan gazebo dan payung', 'Jalan Beraspal, Kendaraan roda 2 bisa lewat, Kendaraan roda 4 bisa lewat,  Ada penerangan/lampu jalan, Terdapat papan penunjuk arah, Kendaraan roda 6 dan 8 bisa lewat', 4.4, '2025-11-29 12:23:40'),
(30, 'Pasir Putih Tasikharjo', 'Jawa Tengah', 'Rp10,000', 'Rp25,000', 'Toilet, Area Parkir, Tempat Makan, Mushala', 'Jalan Beraspal, Kendaraan roda 2 bisa lewat, Kendaraan roda 4 bisa lewat,  Ada penerangan/lampu jalan, Terdapat papan penunjuk arah', 4.2, '2025-11-29 12:23:40'),
(31, 'Jayanti', 'Jawa Barat', 'Rp5,000', 'Rp15,000', 'Toilet, Area Parkir, Tempat Makan, Mushola,\nPenginapan', 'Jalan Beraspal, Kendaraan roda 2 bisa lewat, Kendaraan roda 4 bisa lewat, Terdapat papan penunjuk arah', 4.1, '2025-11-29 12:23:40'),
(32, 'Pangandaran', 'Jawa Barat', 'Rp25,000', 'Rp21,000', 'Toilet, Area Parkir, Tempat Makan', 'Jalan Beraspal, Kendaraan roda 2 bisa lewat, Kendaraan roda 4 bisa lewat, Kendaraan roda 6 dan 8 bisa lewat, Ada penerangan/lampu jalan, Terdapat papan penunjuk arah', 4.6, '2025-11-29 12:23:40'),
(33, 'Karang Tawulan', 'Jawa Barat', 'Rp11,000', 'Rp17,000', 'Toilet, Area Parkir, Tempat Makan, Mushola,\nPenginapan', 'Jalan Beraspal, Kendaraan roda 2 bisa lewat, Kendaraan roda 4 bisa lewat,  Ada penerangan/lampu jalan, Terdapat papan penunjuk arah', 4.6, '2025-11-29 12:23:40'),
(34, 'Pelabuhan Ratu', 'Jawa Barat', 'Rp15,000', 'Rp12,000', 'Toilet, Area Parkir, Tempat Makan, Mushala', 'Jalan Beraspal, Kendaraan roda 2 bisa lewat, Kendaraan roda 4 bisa lewat, Terdapat papan penunjuk arah', 4.6, '2025-11-29 12:23:40'),
(35, 'Santolo', 'Jawa Barat', 'Rp15,000', 'Rp25,000', 'Toilet, Area Parkir, Tempat Makan, Mushola,\nPenginapan', 'Jalan Beraspal, Kendaraan roda 2 bisa lewat, Kendaraan roda 4 bisa lewat, Terdapat papan penunjuk arah', 4.6, '2025-11-29 12:23:40'),
(36, 'Ujung Genteng', 'Jawa Barat', 'Rp10,000', 'Rp15,000', 'Toilet, Area Parkir, Tempat Makan, Mushola,\nPenginapan,Toko Souvenir', 'Jalan Beraspal, Kendaraan roda 2 bisa lewat, Kendaraan roda 4 bisa lewat,  Ada penerangan/lampu jalan, Terdapat papan penunjuk arah', 4.6, '2025-11-29 12:23:40'),
(37, 'Citepus', 'Jawa Barat', 'Rp10,000', 'Rp12,000', 'Toilet, Area Parkir, Tempat Makan, Mushala', 'Jalan Beraspal, Kendaraan roda 2 bisa lewat, Kendaraan roda 4 bisa lewat, Terdapat papan penunjuk arah', 4.6, '2025-11-29 12:23:40'),
(38, 'Cimaja', 'Jawa Barat', 'Rp5,000', 'Rp14,000', 'Toilet, Area Parkir, Tempat Makan', 'Jalan Beraspal, Kendaraan roda 2 bisa lewat, Kendaraan roda 4 bisa lewat, Terdapat papan penunjuk arah', 4.6, '2025-11-29 12:23:40'),
(39, 'Madasari', 'Jawa Barat', 'Rp15,000', 'Rp22,000', 'Toilet, Area Parkir, Tempat Makan, Mushola,\nPenginapan,Toko Souvenir', 'Jalan Beraspal, Kendaraan roda 2 bisa lewat, Kendaraan roda 4 bisa lewat,  Ada penerangan/lampu jalan, Terdapat papan penunjuk arah, Kendaraan roda 6 dan 8 bisa lewat', 4.7, '2025-11-29 12:23:40'),
(40, 'Sindangkerta', 'Jawa Barat', 'Rp10,000', 'Rp 30,000', 'Toilet, Area Parkir, Tempat Makan, Mushala', 'Jalan Beraspal, Kendaraan roda 2 bisa lewat, Kendaraan roda 4 bisa lewat,  Ada penerangan/lampu jalan, Terdapat papan penunjuk arah', 4.3, '2025-11-29 12:23:40'),
(41, 'Cipatujah', 'Jawa Barat', 'Rp5,000', 'Rp15,000', 'Toilet, Area Parkir, Tempat Makan, Mushala', 'Jalan Beraspal, Kendaraan roda 2 bisa lewat, Kendaraan roda 4 bisa lewat, Terdapat papan penunjuk arah', 4.2, '2025-11-29 12:23:40'),
(42, 'Cicalobak', 'Jawa Barat', 'Rp5,000', 'Rp12,000', 'Toilet, Area Parkir, Tempat Makan, Mushala', 'Jalan Beraspal, Kendaraan roda 2 bisa lewat, Kendaraan roda 4 bisa lewat, Terdapat papan penunjuk arah', 4.3, '2025-11-29 12:23:40'),
(43, 'Manasulu', 'Jawa Barat', 'Rp5,000', 'Rp20,000', 'Toilet, Area Parkir, Tempat Makan, Mushola,\nPenginapan', 'Jalan Beraspal, Kendaraan roda 2 bisa lewat, Kendaraan roda 4 bisa lewat, Terdapat papan penunjuk arah', 4.5, '2025-11-29 12:23:40'),
(44, 'Tanjung Layar', 'Jawa Barat', 'Rp10,000', 'Rp17,000', 'Toilet, Area Parkir, Tempat Makan, Mushola,\nPenginapan,Toko Souvenir', 'Jalan Beraspal, Kendaraan roda 2 bisa lewat, Kendaraan roda 4 bisa lewat,  Ada penerangan/lampu jalan, Terdapat papan penunjuk arah, Kendaraan roda 6 dan 8 bisa lewat', 4.6, '2025-11-29 12:23:40'),
(45, 'Tanjung Lesung', 'Jawa Barat', 'Rp25,000', 'Rp35,000', 'Toilet, Area Parkir, Tempat Makan, Mushola,\nPenginapan', 'Jalan Beraspal, Kendaraan roda 2 bisa lewat, Kendaraan roda 4 bisa lewat, Terdapat papan penunjuk arah', 4.4, '2025-11-29 12:23:40'),
(47, 'Tes Pantai', 'Jawa Timur', 'Rp10,000', 'Rp20,000', NULL, NULL, 4.5, '2025-12-23 05:44:12');

-- --------------------------------------------------------

--
-- Struktur dari tabel `skor_pantai`
--

CREATE TABLE `skor_pantai` (
  `id_skor` int NOT NULL,
  `id_pantai` int NOT NULL,
  `id_kriteria` int NOT NULL,
  `nilai_skor` decimal(5,2) NOT NULL COMMENT 'Skor hasil perhitungan (1-5)',
  `updated_at` timestamp NULL DEFAULT CURRENT_TIMESTAMP ON UPDATE CURRENT_TIMESTAMP
) ENGINE=InnoDB DEFAULT CHARSET=utf8mb4 COLLATE=utf8mb4_0900_ai_ci;

--
-- Dumping data untuk tabel `skor_pantai`
--

INSERT INTO `skor_pantai` (`id_skor`, `id_pantai`, `id_kriteria`, `nilai_skor`, `updated_at`) VALUES
(1, 1, 1, 5.00, '2025-12-01 13:58:10'),
(2, 1, 2, 5.00, '2025-12-01 13:58:10'),
(3, 1, 3, 6.00, '2025-12-01 13:58:10'),
(4, 1, 4, 6.00, '2025-12-01 13:58:10'),
(5, 1, 5, 4.00, '2025-12-01 13:58:10'),
(6, 2, 1, 4.00, '2025-12-01 13:58:10'),
(7, 2, 2, 3.00, '2025-12-01 13:58:10'),
(8, 2, 3, 6.00, '2025-12-01 13:58:10'),
(9, 2, 4, 6.00, '2025-12-01 13:58:10'),
(10, 2, 5, 4.00, '2025-12-01 13:58:10'),
(11, 3, 1, 4.00, '2025-12-01 13:58:10'),
(12, 3, 2, 5.00, '2025-12-01 13:58:10'),
(13, 3, 3, 6.00, '2025-12-01 13:58:10'),
(14, 3, 4, 6.00, '2025-12-01 13:58:10'),
(15, 3, 5, 4.00, '2025-12-01 13:58:10'),
(16, 4, 1, 4.00, '2025-12-01 13:58:10'),
(17, 4, 2, 2.00, '2025-12-01 13:58:10'),
(18, 4, 3, 5.00, '2025-12-01 13:58:10'),
(19, 4, 4, 6.00, '2025-12-01 13:58:10'),
(20, 4, 5, 4.00, '2025-12-01 13:58:10'),
(21, 5, 1, 5.00, '2025-12-01 13:58:10'),
(22, 5, 2, 5.00, '2025-12-01 13:58:10'),
(23, 5, 3, 8.00, '2025-12-01 13:58:10'),
(24, 5, 4, 6.00, '2025-12-01 13:58:10'),
(25, 5, 5, 4.00, '2025-12-01 13:58:10'),
(26, 6, 1, 5.00, '2025-12-01 13:58:10'),
(27, 6, 2, 4.00, '2025-12-01 13:58:10'),
(28, 6, 3, 5.00, '2025-12-01 13:58:10'),
(29, 6, 4, 4.00, '2025-12-01 13:58:10'),
(30, 6, 5, 4.00, '2025-12-01 13:58:10'),
(31, 7, 1, 3.00, '2025-12-01 13:58:10'),
(32, 7, 2, 3.00, '2025-12-01 13:58:10'),
(33, 7, 3, 7.00, '2025-12-01 13:58:10'),
(34, 7, 4, 5.00, '2025-12-01 13:58:10'),
(35, 7, 5, 4.00, '2025-12-01 13:58:10'),
(36, 8, 1, 4.00, '2025-12-01 13:58:10'),
(37, 8, 2, 5.00, '2025-12-01 13:58:10'),
(38, 8, 3, 5.00, '2025-12-01 13:58:10'),
(39, 8, 4, 4.00, '2025-12-01 13:58:10'),
(40, 8, 5, 4.00, '2025-12-01 13:58:10'),
(41, 9, 1, 4.00, '2025-12-01 13:58:10'),
(42, 9, 2, 2.00, '2025-12-01 13:58:10'),
(43, 9, 3, 5.00, '2025-12-01 13:58:10'),
(44, 9, 4, 3.00, '2025-12-01 13:58:10'),
(45, 9, 5, 4.00, '2025-12-01 13:58:10'),
(46, 10, 1, 5.00, '2025-12-01 13:58:10'),
(47, 10, 2, 4.00, '2025-12-01 13:58:10'),
(48, 10, 3, 4.00, '2025-12-01 13:58:10'),
(49, 10, 4, 3.00, '2025-12-01 13:58:10'),
(50, 10, 5, 5.00, '2025-12-01 13:58:10'),
(51, 11, 1, 4.00, '2025-12-01 13:58:10'),
(52, 11, 2, 5.00, '2025-12-01 13:58:10'),
(53, 11, 3, 7.00, '2025-12-01 13:58:10'),
(54, 11, 4, 3.00, '2025-12-01 13:58:10'),
(55, 11, 5, 5.00, '2025-12-01 13:58:10'),
(56, 12, 1, 4.00, '2025-12-01 13:58:10'),
(57, 12, 2, 5.00, '2025-12-01 13:58:10'),
(58, 12, 3, 6.00, '2025-12-01 13:58:10'),
(59, 12, 4, 3.00, '2025-12-01 13:58:10'),
(60, 12, 5, 5.00, '2025-12-01 13:58:10'),
(61, 13, 1, 5.00, '2025-12-01 13:58:10'),
(62, 13, 2, 4.00, '2025-12-01 13:58:10'),
(63, 13, 3, 6.00, '2025-12-01 13:58:10'),
(64, 13, 4, 3.00, '2025-12-01 13:58:10'),
(65, 13, 5, 4.00, '2025-12-01 13:58:10'),
(66, 14, 1, 5.00, '2025-12-01 13:58:10'),
(67, 14, 2, 5.00, '2025-12-01 13:58:10'),
(68, 14, 3, 6.00, '2025-12-01 13:58:10'),
(69, 14, 4, 4.00, '2025-12-01 13:58:10'),
(70, 14, 5, 4.00, '2025-12-01 13:58:10'),
(71, 15, 1, 5.00, '2025-12-01 13:58:10'),
(72, 15, 2, 5.00, '2025-12-01 13:58:10'),
(73, 15, 3, 5.00, '2025-12-01 13:58:10'),
(74, 15, 4, 4.00, '2025-12-01 13:58:10'),
(75, 15, 5, 5.00, '2025-12-01 13:58:10'),
(76, 16, 1, 5.00, '2025-12-01 13:58:10'),
(77, 16, 2, 5.00, '2025-12-01 13:58:10'),
(78, 16, 3, 5.00, '2025-12-01 13:58:10'),
(79, 16, 4, 6.00, '2025-12-01 13:58:10'),
(80, 16, 5, 4.00, '2025-12-01 13:58:10'),
(81, 17, 1, 5.00, '2025-12-01 13:58:10'),
(82, 17, 2, 5.00, '2025-12-01 13:58:10'),
(83, 17, 3, 5.00, '2025-12-01 13:58:10'),
(84, 17, 4, 6.00, '2025-12-01 13:58:10'),
(85, 17, 5, 4.00, '2025-12-01 13:58:10'),
(86, 18, 1, 5.00, '2025-12-01 13:58:10'),
(87, 18, 2, 5.00, '2025-12-01 13:58:10'),
(88, 18, 3, 4.00, '2025-12-01 13:58:10'),
(89, 18, 4, 4.00, '2025-12-01 13:58:10'),
(90, 18, 5, 4.00, '2025-12-01 13:58:10'),
(91, 19, 1, 5.00, '2025-12-01 13:58:10'),
(92, 19, 2, 5.00, '2025-12-01 13:58:10'),
(93, 19, 3, 3.00, '2025-12-01 13:58:10'),
(94, 19, 4, 3.00, '2025-12-01 13:58:10'),
(95, 19, 5, 4.00, '2025-12-01 13:58:10'),
(96, 20, 1, 5.00, '2025-12-01 13:58:10'),
(97, 20, 2, 5.00, '2025-12-01 13:58:10'),
(98, 20, 3, 6.00, '2025-12-01 13:58:10'),
(99, 20, 4, 4.00, '2025-12-01 13:58:10'),
(100, 20, 5, 5.00, '2025-12-01 13:58:10'),
(101, 21, 1, 5.00, '2025-12-01 13:58:10'),
(102, 21, 2, 5.00, '2025-12-01 13:58:10'),
(103, 21, 3, 5.00, '2025-12-01 13:58:10'),
(104, 21, 4, 4.00, '2025-12-01 13:58:10'),
(105, 21, 5, 4.00, '2025-12-01 13:58:10'),
(106, 22, 1, 5.00, '2025-12-01 13:58:10'),
(107, 22, 2, 5.00, '2025-12-01 13:58:10'),
(108, 22, 3, 5.00, '2025-12-01 13:58:10'),
(109, 22, 4, 5.00, '2025-12-01 13:58:10'),
(110, 22, 5, 4.00, '2025-12-01 13:58:10'),
(111, 23, 1, 5.00, '2025-12-01 13:58:10'),
(112, 23, 2, 5.00, '2025-12-01 13:58:10'),
(113, 23, 3, 5.00, '2025-12-01 13:58:10'),
(114, 23, 4, 6.00, '2025-12-01 13:58:10'),
(115, 23, 5, 4.00, '2025-12-01 13:58:10'),
(116, 24, 1, 5.00, '2025-12-01 13:58:10'),
(117, 24, 2, 5.00, '2025-12-01 13:58:10'),
(118, 24, 3, 3.00, '2025-12-01 13:58:10'),
(119, 24, 4, 5.00, '2025-12-01 13:58:10'),
(120, 24, 5, 3.00, '2025-12-01 13:58:10'),
(121, 25, 1, 5.00, '2025-12-01 13:58:10'),
(122, 25, 2, 5.00, '2025-12-01 13:58:10'),
(123, 25, 3, 4.00, '2025-12-01 13:58:10'),
(124, 25, 4, 5.00, '2025-12-01 13:58:10'),
(125, 25, 5, 4.00, '2025-12-01 13:58:10'),
(126, 26, 1, 4.00, '2025-12-01 13:58:10'),
(127, 26, 2, 3.00, '2025-12-01 13:58:10'),
(128, 26, 3, 4.00, '2025-12-01 13:58:10'),
(129, 26, 4, 5.00, '2025-12-01 13:58:10'),
(130, 26, 5, 4.00, '2025-12-01 13:58:10'),
(131, 27, 1, 4.00, '2025-12-01 13:58:10'),
(132, 27, 2, 4.00, '2025-12-01 13:58:10'),
(133, 27, 3, 6.00, '2025-12-01 13:58:10'),
(134, 27, 4, 5.00, '2025-12-01 13:58:10'),
(135, 27, 5, 4.00, '2025-12-01 13:58:10'),
(136, 28, 1, 5.00, '2025-12-01 13:58:10'),
(137, 28, 2, 4.00, '2025-12-01 13:58:10'),
(138, 28, 3, 4.00, '2025-12-01 13:58:10'),
(139, 28, 4, 5.00, '2025-12-01 13:58:10'),
(140, 28, 5, 4.00, '2025-12-01 13:58:10'),
(141, 29, 1, 3.00, '2025-12-01 13:58:10'),
(142, 29, 2, 3.00, '2025-12-01 13:58:10'),
(143, 29, 3, 6.00, '2025-12-01 13:58:10'),
(144, 29, 4, 6.00, '2025-12-01 13:58:10'),
(145, 29, 5, 4.00, '2025-12-01 13:58:10'),
(146, 30, 1, 5.00, '2025-12-01 13:58:10'),
(147, 30, 2, 5.00, '2025-12-01 13:58:10'),
(148, 30, 3, 4.00, '2025-12-01 13:58:10'),
(149, 30, 4, 5.00, '2025-12-01 13:58:10'),
(150, 30, 5, 4.00, '2025-12-01 13:58:10'),
(151, 31, 1, 5.00, '2025-12-01 13:58:10'),
(152, 31, 2, 5.00, '2025-12-01 13:58:10'),
(153, 31, 3, 5.00, '2025-12-01 13:58:10'),
(154, 31, 4, 4.00, '2025-12-01 13:58:10'),
(155, 31, 5, 4.00, '2025-12-01 13:58:10'),
(156, 32, 1, 3.00, '2025-12-01 13:58:10'),
(157, 32, 2, 5.00, '2025-12-01 13:58:10'),
(158, 32, 3, 3.00, '2025-12-01 13:58:10'),
(159, 32, 4, 6.00, '2025-12-01 13:58:10'),
(160, 32, 5, 5.00, '2025-12-01 13:58:10'),
(161, 33, 1, 4.00, '2025-12-01 13:58:10'),
(162, 33, 2, 5.00, '2025-12-01 13:58:10'),
(163, 33, 3, 5.00, '2025-12-01 13:58:10'),
(164, 33, 4, 5.00, '2025-12-01 13:58:10'),
(165, 33, 5, 5.00, '2025-12-01 13:58:10'),
(166, 34, 1, 4.00, '2025-12-01 13:58:10'),
(167, 34, 2, 5.00, '2025-12-01 13:58:10'),
(168, 34, 3, 4.00, '2025-12-01 13:58:10'),
(169, 34, 4, 4.00, '2025-12-01 13:58:10'),
(170, 34, 5, 5.00, '2025-12-01 13:58:10'),
(171, 35, 1, 4.00, '2025-12-01 13:58:10'),
(172, 35, 2, 5.00, '2025-12-01 13:58:10'),
(173, 35, 3, 5.00, '2025-12-01 13:58:10'),
(174, 35, 4, 4.00, '2025-12-01 13:58:10'),
(175, 35, 5, 5.00, '2025-12-01 13:58:10'),
(176, 36, 1, 5.00, '2025-12-01 13:58:10'),
(177, 36, 2, 5.00, '2025-12-01 13:58:10'),
(178, 36, 3, 6.00, '2025-12-01 13:58:10'),
(179, 36, 4, 5.00, '2025-12-01 13:58:10'),
(180, 36, 5, 5.00, '2025-12-01 13:58:10'),
(181, 37, 1, 5.00, '2025-12-01 13:58:10'),
(182, 37, 2, 5.00, '2025-12-01 13:58:10'),
(183, 37, 3, 4.00, '2025-12-01 13:58:10'),
(184, 37, 4, 4.00, '2025-12-01 13:58:10'),
(185, 37, 5, 5.00, '2025-12-01 13:58:10'),
(186, 38, 1, 5.00, '2025-12-01 13:58:10'),
(187, 38, 2, 5.00, '2025-12-01 13:58:10'),
(188, 38, 3, 3.00, '2025-12-01 13:58:10'),
(189, 38, 4, 4.00, '2025-12-01 13:58:10'),
(190, 38, 5, 5.00, '2025-12-01 13:58:10'),
(191, 39, 1, 4.00, '2025-12-01 13:58:10'),
(192, 39, 2, 4.00, '2025-12-01 13:58:10'),
(193, 39, 3, 6.00, '2025-12-01 13:58:10'),
(194, 39, 4, 6.00, '2025-12-01 13:58:10'),
(195, 39, 5, 5.00, '2025-12-01 13:58:10'),
(196, 40, 1, 5.00, '2025-12-01 13:58:10'),
(197, 40, 2, 5.00, '2025-12-01 13:58:10'),
(198, 40, 3, 4.00, '2025-12-01 13:58:10'),
(199, 40, 4, 5.00, '2025-12-01 13:58:10'),
(200, 40, 5, 4.00, '2025-12-01 13:58:10'),
(201, 41, 1, 5.00, '2025-12-01 13:58:10'),
(202, 41, 2, 5.00, '2025-12-01 13:58:10'),
(203, 41, 3, 4.00, '2025-12-01 13:58:10'),
(204, 41, 4, 4.00, '2025-12-01 13:58:10'),
(205, 41, 5, 4.00, '2025-12-01 13:58:10'),
(206, 42, 1, 5.00, '2025-12-01 13:58:10'),
(207, 42, 2, 5.00, '2025-12-01 13:58:10'),
(208, 42, 3, 4.00, '2025-12-01 13:58:10'),
(209, 42, 4, 4.00, '2025-12-01 13:58:10'),
(210, 42, 5, 4.00, '2025-12-01 13:58:10'),
(211, 43, 1, 5.00, '2025-12-01 13:58:10'),
(212, 43, 2, 5.00, '2025-12-01 13:58:10'),
(213, 43, 3, 5.00, '2025-12-01 13:58:10'),
(214, 43, 4, 4.00, '2025-12-01 13:58:10'),
(215, 43, 5, 4.00, '2025-12-01 13:58:10'),
(216, 44, 1, 5.00, '2025-12-01 13:58:10'),
(217, 44, 2, 5.00, '2025-12-01 13:58:10'),
(218, 44, 3, 6.00, '2025-12-01 13:58:10'),
(219, 44, 4, 6.00, '2025-12-01 13:58:10'),
(220, 44, 5, 5.00, '2025-12-01 13:58:10'),
(221, 45, 1, 3.00, '2025-12-01 13:58:10'),
(222, 45, 2, 4.00, '2025-12-01 13:58:10'),
(223, 45, 3, 5.00, '2025-12-01 13:58:10'),
(224, 45, 4, 4.00, '2025-12-01 13:58:10'),
(225, 45, 5, 4.00, '2025-12-01 13:58:10');

-- --------------------------------------------------------

--
-- Struktur dari tabel `sub_kriteria`
--

CREATE TABLE `sub_kriteria` (
  `id_sub_kriteria` int NOT NULL,
  `id_kriteria` int NOT NULL,
  `label` varchar(100) NOT NULL,
  `range_min` decimal(15,2) DEFAULT NULL,
  `range_max` decimal(15,2) DEFAULT NULL,
  `nilai_skor` tinyint DEFAULT NULL COMMENT '1-5 (untuk range)',
  `urutan` int DEFAULT NULL
) ENGINE=InnoDB DEFAULT CHARSET=utf8mb4 COLLATE=utf8mb4_0900_ai_ci;

--
-- Dumping data untuk tabel `sub_kriteria`
--

INSERT INTO `sub_kriteria` (`id_sub_kriteria`, `id_kriteria`, `label`, `range_min`, `range_max`, `nilai_skor`, `urutan`) VALUES
(6, 1, '41.000 - 50.000', 41000.00, 50000.00, 1, 1),
(7, 1, '31.000 - 40.000', 31000.00, 40000.00, 2, 2),
(8, 1, '21.000 - 30.000', 21000.00, 30000.00, 3, 3),
(9, 1, '11.000 - 20.000', 11000.00, 20000.00, 4, 4),
(10, 1, '0 - 10.000', 0.00, 10000.00, 5, 5),
(11, 2, '60.000 - 100.000', 60000.00, 100000.00, 1, 1),
(12, 2, '46.000 - 60.000', 46000.00, 60000.00, 2, 2),
(13, 2, '36.000 - 45.000', 36000.00, 45000.00, 3, 3),
(14, 2, '27.000 - 35.000', 27000.00, 35000.00, 4, 4),
(15, 2, '12.000 - 26.000', 12000.00, 26000.00, 5, 5),
(16, 5, '1 - 3', 1.00, 3.00, 1, 1),
(17, 5, '3.1 - 3.5', 3.10, 3.50, 2, 2),
(18, 5, '3.6 - 4.0', 3.60, 4.00, 3, 3),
(19, 5, '4.1 - 4.5', 4.10, 4.50, 4, 4),
(20, 5, '4.6 - 5', 4.60, 5.00, 5, 5),
(21, 3, 'Toilet', NULL, NULL, NULL, 1),
(22, 3, 'Area Parkir', NULL, NULL, NULL, 2),
(23, 3, 'Tempat Makan', NULL, NULL, NULL, 3),
(24, 3, 'Tempat Ibadah (Musala)', NULL, NULL, NULL, 4),
(25, 3, 'Penginapan', NULL, NULL, NULL, 5),
(26, 3, 'Penyewaan Pelampung dan Ban', NULL, NULL, NULL, 6),
(27, 3, 'Penyewaan Gazebo dan Payung', NULL, NULL, NULL, 7),
(28, 3, 'Toko Souvenir', NULL, NULL, NULL, 8),
(29, 4, 'Jalan Beraspal', NULL, NULL, NULL, 1),
(30, 4, 'Kendaraan roda 2 bisa lewat', NULL, NULL, NULL, 2),
(31, 4, 'Kendaraan roda 4 bisa lewat', NULL, NULL, NULL, 3),
(32, 4, 'Kendaraan roda 6 dan 8 bisa lewat', NULL, NULL, NULL, 4),
(33, 4, 'Ada penerangan lampu jalan', NULL, NULL, NULL, 5),
(34, 4, 'Terdapat papan penunjuk arah', NULL, NULL, NULL, 6);

--
-- Indexes for dumped tables
--

--
-- Indeks untuk tabel `detail_pantai`
--
ALTER TABLE `detail_pantai`
  ADD PRIMARY KEY (`id_detail`),
  ADD KEY `id_pantai` (`id_pantai`),
  ADD KEY `id_kriteria` (`id_kriteria`),
  ADD KEY `id_sub_kriteria` (`id_sub_kriteria`);

--
-- Indeks untuk tabel `kriteria`
--
ALTER TABLE `kriteria`
  ADD PRIMARY KEY (`id_kriteria`);

--
-- Indeks untuk tabel `pantai`
--
ALTER TABLE `pantai`
  ADD PRIMARY KEY (`id_pantai`);

--
-- Indeks untuk tabel `skor_pantai`
--
ALTER TABLE `skor_pantai`
  ADD PRIMARY KEY (`id_skor`),
  ADD UNIQUE KEY `unique_pantai_kriteria` (`id_pantai`,`id_kriteria`),
  ADD KEY `id_kriteria` (`id_kriteria`);

--
-- Indeks untuk tabel `sub_kriteria`
--
ALTER TABLE `sub_kriteria`
  ADD PRIMARY KEY (`id_sub_kriteria`),
  ADD KEY `id_kriteria` (`id_kriteria`);

--
-- AUTO_INCREMENT untuk tabel yang dibuang
--

--
-- AUTO_INCREMENT untuk tabel `detail_pantai`
--
ALTER TABLE `detail_pantai`
  MODIFY `id_detail` int NOT NULL AUTO_INCREMENT, AUTO_INCREMENT=581;

--
-- AUTO_INCREMENT untuk tabel `kriteria`
--
ALTER TABLE `kriteria`
  MODIFY `id_kriteria` int NOT NULL AUTO_INCREMENT, AUTO_INCREMENT=6;

--
-- AUTO_INCREMENT untuk tabel `pantai`
--
ALTER TABLE `pantai`
  MODIFY `id_pantai` int NOT NULL AUTO_INCREMENT, AUTO_INCREMENT=48;

--
-- AUTO_INCREMENT untuk tabel `skor_pantai`
--
ALTER TABLE `skor_pantai`
  MODIFY `id_skor` int NOT NULL AUTO_INCREMENT, AUTO_INCREMENT=231;

--
-- AUTO_INCREMENT untuk tabel `sub_kriteria`
--
ALTER TABLE `sub_kriteria`
  MODIFY `id_sub_kriteria` int NOT NULL AUTO_INCREMENT, AUTO_INCREMENT=35;

--
-- Ketidakleluasaan untuk tabel pelimpahan (Dumped Tables)
--

--
-- Ketidakleluasaan untuk tabel `detail_pantai`
--
ALTER TABLE `detail_pantai`
  ADD CONSTRAINT `detail_pantai_ibfk_1` FOREIGN KEY (`id_pantai`) REFERENCES `pantai` (`id_pantai`) ON DELETE CASCADE,
  ADD CONSTRAINT `detail_pantai_ibfk_2` FOREIGN KEY (`id_kriteria`) REFERENCES `kriteria` (`id_kriteria`) ON DELETE CASCADE,
  ADD CONSTRAINT `detail_pantai_ibfk_3` FOREIGN KEY (`id_sub_kriteria`) REFERENCES `sub_kriteria` (`id_sub_kriteria`) ON DELETE CASCADE;

--
-- Ketidakleluasaan untuk tabel `skor_pantai`
--
ALTER TABLE `skor_pantai`
  ADD CONSTRAINT `skor_pantai_ibfk_1` FOREIGN KEY (`id_pantai`) REFERENCES `pantai` (`id_pantai`) ON DELETE CASCADE,
  ADD CONSTRAINT `skor_pantai_ibfk_2` FOREIGN KEY (`id_kriteria`) REFERENCES `kriteria` (`id_kriteria`) ON DELETE CASCADE;

--
-- Ketidakleluasaan untuk tabel `sub_kriteria`
--
ALTER TABLE `sub_kriteria`
  ADD CONSTRAINT `sub_kriteria_ibfk_1` FOREIGN KEY (`id_kriteria`) REFERENCES `kriteria` (`id_kriteria`) ON DELETE CASCADE;
COMMIT;

/*!40101 SET CHARACTER_SET_CLIENT=@OLD_CHARACTER_SET_CLIENT */;
/*!40101 SET CHARACTER_SET_RESULTS=@OLD_CHARACTER_SET_RESULTS */;
/*!40101 SET COLLATION_CONNECTION=@OLD_COLLATION_CONNECTION */;
